AcademicYear,AttendingTeacher,Month,StudentName,Class,Section,Subject,Attendance
2022-2023,Victor Marquez,January,Cynthia Castaneda,11,A,English,25
2022-2023,Michael Knox,January,Greg Green,12,B,English,20
2022-2023,Jasmine Pace,January,Thomas Key,12,A,English,23
2022-2023,Victor Marquez,January,Joshua Watkins,12,B,English,21
2022-2023,Michael Knox,January,Jonathan Evans,9,B,English,18
2022-2023,Jasmine Pace,January,Krista Evans,9,B,English,23
2022-2023,Victor Marquez,January,Regina Rose,12,A,English,25
2022-2023,Michael Knox,January,Brittany Robbins,9,B,English,19
2022-2023,Jasmine Pace,January,Ryan Jackson,12,A,English,24
2022-2023,Victor Marquez,January,Bridget Flores,11,A,English,20
2022-2023,Michael Knox,January,Brittany Ramirez,10,B,English,25
2022-2023,Jasmine Pace,January,Jennifer Johnson,12,A,English,26
2022-2023,Victor Marquez,January,Lisa Nelson,12,B,English,24
2022-2023,Michael Knox,January,Bryan Doyle,10,B,English,23
2022-2023,Jasmine Pace,January,Cindy Stevens,10,B,English,26
2022-2023,Victor Marquez,January,James Martin,12,B,English,19
2022-2023,Michael Knox,January,George Durham,10,A,English,20
2022-2023,Jasmine Pace,January,Stephanie Rogers,11,B,English,21
2022-2023,Victor Marquez,January,Jenna Turner,9,A,English,26
2022-2023,Michael Knox,January,Elizabeth Chapman,9,B,English,23
2022-2023,Jasmine Pace,January,Jennifer Washington,9,A,English,25
2022-2023,Victor Marquez,January,Theresa Clark,10,A,English,24
2022-2023,Michael Knox,January,Timothy Hartman,9,B,English,21
2022-2023,Jasmine Pace,January,Cameron Martinez,10,A,English,22
2022-2023,Victor Marquez,January,Matthew Fernandez,12,A,English,19
2022-2023,Michael Knox,January,Douglas Thompson,10,B,English,26
2022-2023,Jasmine Pace,January,Christian Clark,10,A,English,26
2022-2023,Victor Marquez,January,Sonia Morrow,9,A,English,19
2022-2023,Michael Knox,January,Kaitlyn Simmons,9,B,English,23
2022-2023,Jasmine Pace,January,Sharon Lee,12,B,English,23
2022-2023,Victor Marquez,January,Jennifer Gonzales,10,B,English,23
2022-2023,Michael Knox,January,Isabel Adkins,10,A,English,21
2022-2023,Jasmine Pace,January,Tracey Prince,9,A,English,21
2022-2023,Victor Marquez,January,Samuel Smith,11,A,English,20
2022-2023,Michael Knox,January,Nicole Johnson,11,B,English,23
2022-2023,Jasmine Pace,January,Kathleen Acevedo,12,A,English,23
2022-2023,Victor Marquez,January,Alejandro Lucas,10,B,English,25
2022-2023,Michael Knox,January,Cynthia Myers,12,A,English,26
2022-2023,Jasmine Pace,January,Maria Larson,9,B,English,22
2022-2023,Victor Marquez,January,Russell Richardson,9,B,English,18
2022-2023,Michael Knox,January,Brittany Edwards,11,A,English,21
2022-2023,Jasmine Pace,January,Michele Hall,9,B,English,20
2022-2023,Victor Marquez,January,Sarah Terry,11,B,English,18
2022-2023,Michael Knox,January,Sean Mejia,10,A,English,22
2022-2023,Jasmine Pace,January,Angela Morgan,10,B,English,24
2022-2023,Victor Marquez,January,Sally Mendez,10,B,English,18
2022-2023,Michael Knox,January,Brandon Wallace,9,B,English,19
2022-2023,Jasmine Pace,January,Scott Griffith,9,A,English,20
2022-2023,Victor Marquez,January,Jennifer Miles,10,A,English,24
2022-2023,Michael Knox,January,Meghan Mills,10,B,English,26
2022-2023,Jasmine Pace,January,Robert Robinson,11,B,English,23
2022-2023,Victor Marquez,January,Tara Lowe,10,B,English,20
2022-2023,Michael Knox,January,Angela Perez,10,A,English,25
2022-2023,Jasmine Pace,January,Andrew Cruz,9,B,English,23
2022-2023,Victor Marquez,January,Sierra Cantu,11,B,English,19
2022-2023,Michael Knox,January,Julie Townsend,12,A,English,24
2022-2023,Jasmine Pace,January,Amanda Bishop,10,B,English,20
2022-2023,Victor Marquez,January,Sabrina Cruz,9,B,English,20
2022-2023,Michael Knox,January,Rhonda Reyes,10,A,English,26
2022-2023,Jasmine Pace,January,Jennifer Wilson,11,A,English,21
2022-2023,Victor Marquez,January,Sandra Schmidt,10,A,English,25
2022-2023,Michael Knox,January,Heather Davis,11,A,English,21
2022-2023,Jasmine Pace,January,Louis Jacobson,12,A,English,19
2022-2023,Victor Marquez,January,Christopher Lopez,12,B,English,22
2022-2023,Michael Knox,January,Lauren Lopez,10,A,English,24
2022-2023,Jasmine Pace,January,Sandra Olson,12,B,English,21
2022-2023,Victor Marquez,January,William Simon,9,B,English,26
2022-2023,Michael Knox,January,Jessica Hicks,10,B,English,26
2022-2023,Jasmine Pace,January,Michael Garcia,10,A,English,22
2022-2023,Victor Marquez,January,Katherine Carroll,10,A,English,23
2022-2023,Michael Knox,January,Johnathan Turner,9,B,English,20
2022-2023,Jasmine Pace,January,Robert Johnson,12,A,English,21
2022-2023,Victor Marquez,January,Christina Stone,11,B,English,25
2022-2023,Michael Knox,January,Charles Hess,12,B,English,23
2022-2023,Jasmine Pace,January,James Lucas,9,A,English,18
2022-2023,Victor Marquez,January,Alexandra Hardy,9,B,English,20
2022-2023,Michael Knox,January,David Powell,12,B,English,23
2022-2023,Jasmine Pace,January,Thomas Rogers,11,B,English,21
2022-2023,Victor Marquez,January,Jenna Robertson,10,A,English,18
2022-2023,Michael Knox,January,Lauren Smith,12,B,English,23
2022-2023,Jasmine Pace,January,Andrew Flores,10,B,English,25
2022-2023,Victor Marquez,January,Shannon Murphy,10,B,English,22
2022-2023,Michael Knox,January,Christopher Li,10,A,English,22
2022-2023,Jasmine Pace,January,Amber Nelson,9,B,English,21
2022-2023,Victor Marquez,January,Teresa Mercado,11,A,English,21
2022-2023,Michael Knox,January,Paul Cross,11,A,English,26
2022-2023,Jasmine Pace,January,Laura Butler,12,B,English,22
2022-2023,Victor Marquez,January,Jennifer Ferguson,12,B,English,21
2022-2023,Michael Knox,January,Cindy Dixon,9,A,English,25
2022-2023,Jasmine Pace,January,Angelica Wells,12,A,English,26
2022-2023,Victor Marquez,January,Corey Kidd,11,B,English,18
2022-2023,Michael Knox,January,Christopher Rosales,10,B,English,21
2022-2023,Jasmine Pace,January,Kent Cunningham,11,B,English,19
2022-2023,Victor Marquez,January,Joseph Welch,12,B,English,22
2022-2023,Michael Knox,January,Nathan Barton,11,B,English,19
2022-2023,Jasmine Pace,January,Mark Carr,10,A,English,22
2022-2023,Victor Marquez,January,Lindsey Rodgers,9,A,English,19
2022-2023,Michael Knox,January,Tina Nelson,11,B,English,23
2022-2023,Jasmine Pace,January,Jonathan Turner,9,A,English,24
2022-2023,Victor Marquez,January,Carolyn Rice,12,A,English,19
2022-2023,Michael Knox,January,Scott Suarez,11,A,English,22
2022-2023,Jasmine Pace,January,Melissa Olson,9,A,English,22
2022-2023,Victor Marquez,January,Joshua Nguyen,10,B,English,25
2022-2023,Michael Knox,January,Kelly Petersen,12,B,English,26
2022-2023,Jasmine Pace,January,Megan Lyons,11,A,English,21
2022-2023,Victor Marquez,January,James Morgan,10,A,English,21
2022-2023,Michael Knox,January,Darren Weber,12,B,English,22
2022-2023,Jasmine Pace,January,Rebecca Leblanc,10,B,English,26
2022-2023,Victor Marquez,January,Hannah Marshall,10,B,English,23
2022-2023,Michael Knox,January,Steven Garcia,9,A,English,24
2022-2023,Jasmine Pace,January,Bryan Miller,11,A,English,18
2022-2023,Victor Marquez,January,Brett Perez,10,B,English,21
2022-2023,Michael Knox,January,Vincent Green,9,B,English,24
2022-2023,Jasmine Pace,January,Shawn Johnson,9,A,English,26
2022-2023,Victor Marquez,January,Katherine Martin,10,A,English,24
2022-2023,Michael Knox,January,Andrea Long,10,B,English,19
2022-2023,Jasmine Pace,January,John Holmes,9,B,English,23
2022-2023,Victor Marquez,January,Steven Harper,12,A,English,24
2022-2023,Michael Knox,January,Trevor George,11,A,English,25
2022-2023,Jasmine Pace,January,Angela Ramirez,11,A,English,25
2022-2023,Victor Marquez,January,Melanie Everett,11,A,English,18
2022-2023,Michael Knox,January,Heather Russo,11,A,English,19
2022-2023,Jasmine Pace,January,Kenneth Chandler,9,A,English,20
2022-2023,Victor Marquez,January,Brandon Shah,10,B,English,18
2022-2023,Michael Knox,January,Matthew Gill,9,A,English,23
2022-2023,Jasmine Pace,January,Jennifer Jones,11,A,English,22
2022-2023,Victor Marquez,January,Kristen Montgomery,12,B,English,21
2022-2023,Michael Knox,January,Matthew Kane,11,B,English,20
2022-2023,Jasmine Pace,January,Brandy Johnson,9,A,English,26
2022-2023,Victor Marquez,January,Lauren Chaney,9,A,English,20
2022-2023,Michael Knox,January,Karen Richard,9,A,English,25
2022-2023,Jasmine Pace,January,Dawn Clark,9,A,English,23
2022-2023,Victor Marquez,January,Gerald Glover,10,B,English,20
2022-2023,Michael Knox,January,Christopher Lowery,11,B,English,18
2022-2023,Jasmine Pace,January,Pedro Reed,11,B,English,22
2022-2023,Victor Marquez,January,Anne Barrera,9,A,English,26
2022-2023,Michael Knox,January,Kristin Hernandez,9,A,English,19
2022-2023,Jasmine Pace,January,Vincent Thompson,10,A,English,21
2022-2023,Victor Marquez,January,Mary Miller,9,B,English,20
2022-2023,Michael Knox,January,Christopher Hines,10,A,English,18
2022-2023,Jasmine Pace,January,Laura Johnson,9,A,English,21
2022-2023,Victor Marquez,January,Joseph Fisher,9,A,English,21
2022-2023,Michael Knox,January,Amanda Perry,9,B,English,25
2022-2023,Jasmine Pace,January,Aaron Clayton,11,B,English,18
2022-2023,Victor Marquez,January,Julie Smith,12,B,English,25
2022-2023,Michael Knox,January,Anne Hill,9,A,English,23
2022-2023,Jasmine Pace,January,Misty Solis,10,A,English,22
2022-2023,Victor Marquez,January,Carlos Drake,9,A,English,18
2022-2023,Michael Knox,January,Kyle Cobb,9,B,English,20
2022-2023,Jasmine Pace,January,Richard Jennings,11,B,English,21
2022-2023,Victor Marquez,January,Donald Curry,11,B,English,22
2022-2023,Michael Knox,January,Kathleen Decker,12,B,English,23
2022-2023,Jasmine Pace,January,Anna Robinson,12,B,English,18
2022-2023,Victor Marquez,January,Amy Love,9,A,English,26
2022-2023,Michael Knox,January,Jennifer Ortega,9,B,English,26
2022-2023,Jasmine Pace,January,Marvin Alvarado,12,B,English,21
2022-2023,Victor Marquez,January,Amanda Harper,10,A,English,23
2022-2023,Michael Knox,January,Jacqueline Miller,9,A,English,26
2022-2023,Jasmine Pace,January,Matthew Smith,12,A,English,25
2022-2023,Victor Marquez,January,Jennifer Foster,11,B,English,21
2022-2023,Michael Knox,January,Christine Buchanan,9,A,English,18
2022-2023,Jasmine Pace,January,Jose Larsen,10,B,English,25
2022-2023,Victor Marquez,January,Mary Heath,12,A,English,22
2022-2023,Michael Knox,January,Dustin Barr,11,B,English,19
2022-2023,Jasmine Pace,January,Faith Murray,10,B,English,21
2022-2023,Victor Marquez,January,Brian Matthews,12,B,English,26
2022-2023,Michael Knox,January,Michael Heath,9,A,English,19
2022-2023,Jasmine Pace,January,Kevin Gomez,10,B,English,21
2022-2023,Victor Marquez,January,David Shaw,12,A,English,22
2022-2023,Michael Knox,January,Tracey Black,11,A,English,22
2022-2023,Jasmine Pace,January,Marie Santiago,12,A,English,22
2022-2023,Victor Marquez,January,Thomas Wheeler,11,A,English,26
2022-2023,Michael Knox,January,Yolanda White,11,A,English,18
2022-2023,Jasmine Pace,January,Grace Clark,10,A,English,25
2022-2023,Victor Marquez,January,Rebecca Williams,12,A,English,19
2022-2023,Michael Knox,January,Jessica Ramsey,9,B,English,23
2022-2023,Jasmine Pace,January,George Keller,12,A,English,22
2022-2023,Victor Marquez,January,Tyler Cross,11,B,English,24
2022-2023,Michael Knox,January,Noah Hall,9,B,English,23
2022-2023,Jasmine Pace,January,Thomas Cervantes,11,B,English,22
2022-2023,Victor Marquez,January,Christopher Haney,10,A,English,25
2022-2023,Michael Knox,January,Jennifer Reed,10,B,English,23
2022-2023,Jasmine Pace,January,Andre Riggs,11,A,English,21
2022-2023,Victor Marquez,January,Angela Franklin,12,A,English,26
2022-2023,Michael Knox,January,Todd Dean,12,B,English,26
2022-2023,Jasmine Pace,January,Christine Solis,10,A,English,21
2022-2023,Victor Marquez,January,Molly Roberts,11,B,English,22
2022-2023,Michael Knox,January,Kathy Moran,12,B,English,21
2022-2023,Jasmine Pace,January,Kimberly Trevino,11,B,English,18
2022-2023,Victor Marquez,January,Michael Beck,12,B,English,22
2022-2023,Michael Knox,January,Megan Gutierrez,12,A,English,24
2022-2023,Jasmine Pace,January,Deborah Smith,10,B,English,26
2022-2023,Victor Marquez,January,Andrew Mathews,12,A,English,23
2022-2023,Michael Knox,January,Andrew Lee,10,B,English,23
2022-2023,Jasmine Pace,January,Garrett Nguyen,9,A,English,21
2022-2023,Victor Marquez,January,Mary Jordan,12,A,English,24
2022-2023,Michael Knox,January,John Smith,11,B,English,24
2022-2023,Jasmine Pace,January,Brandon Morgan,11,A,English,26
2022-2023,Victor Marquez,January,Michael Morris,12,A,English,21
2022-2023,Michael Knox,January,Troy Austin,9,B,English,19
2022-2023,Jasmine Pace,January,Zachary Sellers,9,A,English,24
2022-2023,Victor Marquez,January,Jasmine Jensen,11,A,English,21
2022-2023,Michael Knox,January,William Wright,10,B,English,25
2022-2023,Jasmine Pace,January,Julie Ramsey,10,B,English,21
2022-2023,Victor Marquez,January,Samantha Arnold,11,B,English,20
2022-2023,Michael Knox,January,Jonathan Garcia,11,A,English,23
2022-2023,Jasmine Pace,January,Lori Fritz,12,A,English,18
2022-2023,Victor Marquez,January,Joshua Shelton,11,A,English,22
2022-2023,Michael Knox,January,Roger Walters,11,B,English,24
2022-2023,Jasmine Pace,January,Jacob Campbell,9,A,English,20
2022-2023,Victor Marquez,January,Megan Nicholson,12,B,English,21
2022-2023,Michael Knox,January,Shawn Ellis,12,A,English,23
2022-2023,Jasmine Pace,January,James Lopez,11,B,English,25
2022-2023,Victor Marquez,January,Alexander Rubio,12,B,English,19
2022-2023,Michael Knox,January,Mark Trujillo,10,A,English,20
2022-2023,Jasmine Pace,January,Yesenia Valenzuela,11,B,English,26
2022-2023,Victor Marquez,January,Heidi Ward,10,B,English,24
2022-2023,Michael Knox,January,Tina Spencer,12,A,English,26
2022-2023,Jasmine Pace,January,Samantha Griffith,9,B,English,24
2022-2023,Victor Marquez,January,Teresa Romero,10,B,English,23
2022-2023,Michael Knox,January,Tony Spears,12,B,English,26
2022-2023,Jasmine Pace,January,Breanna Glass,12,A,English,25
2022-2023,Victor Marquez,January,Julia Young,9,A,English,24
2022-2023,Michael Knox,January,Linda Fritz,12,B,English,25
2022-2023,Jasmine Pace,January,Karen Nunez,9,B,English,25
2022-2023,Victor Marquez,January,Erin Mclean,10,B,English,18
2022-2023,Michael Knox,January,Laura Baird,10,A,English,19
2022-2023,Jasmine Pace,January,Michele Velazquez,11,B,English,23
2022-2023,Victor Marquez,January,Jessica Jordan,11,B,English,22
2022-2023,Michael Knox,January,Taylor Marshall,12,A,English,24
2022-2023,Jasmine Pace,January,Raymond Berry,10,B,English,20
2022-2023,Victor Marquez,January,Joel Bautista,9,B,English,24
2022-2023,Michael Knox,January,Lori Black,9,A,English,22
2022-2023,Jasmine Pace,January,Dennis Harris,10,A,English,22
2022-2023,Victor Marquez,January,Angelica Cox,11,A,English,21
2022-2023,Michael Knox,January,Keith Patel,12,A,English,20
2022-2023,Jasmine Pace,January,Bruce Hall,11,A,English,20
2022-2023,Victor Marquez,January,Andrea Graham,12,B,English,21
2022-2023,Michael Knox,January,Daniel Walker,10,A,English,22
2022-2023,Jasmine Pace,January,Emily Phillips,12,B,English,25
2022-2023,Victor Marquez,January,Patrick Jimenez,10,B,English,20
2022-2023,Michael Knox,January,Alexander Owens,12,B,English,21
2022-2023,Jasmine Pace,January,Nicholas Harris,9,A,English,26
2022-2023,Victor Marquez,January,Randy Alexander,11,A,English,25
2022-2023,Michael Knox,January,Luke Morrow,10,B,English,23
2022-2023,Jasmine Pace,January,Heather Davis,12,A,English,26
2022-2023,Victor Marquez,January,Gerald Evans,10,B,English,24
2022-2023,Michael Knox,January,Stephen Parsons,12,B,English,19
2022-2023,Jasmine Pace,January,Nicole Bryant,12,A,English,19
2022-2023,Victor Marquez,January,Lucas Mendoza,11,B,English,21
2022-2023,Michael Knox,January,Janet Garcia,10,B,English,20
2022-2023,Jasmine Pace,January,Christopher Molina,11,B,English,20
2022-2023,Victor Marquez,January,Randy Patel,10,A,English,25
2022-2023,Michael Knox,January,David Miller,12,B,English,20
2022-2023,Jasmine Pace,January,Julie Dawson,12,B,English,24
2022-2023,Victor Marquez,January,Robin Jenkins,9,B,English,25
2022-2023,Michael Knox,January,Krista Davis,10,A,English,26
2022-2023,Jasmine Pace,January,Melissa Porter,9,B,English,24
2022-2023,Victor Marquez,January,Jodi Pope,11,A,English,19
2022-2023,Michael Knox,January,Christopher Deleon,10,A,English,19
2022-2023,Jasmine Pace,January,Shelly Warren,11,B,English,19
2022-2023,Victor Marquez,January,Elizabeth Hall,11,B,English,26
2022-2023,Michael Knox,January,Gary Hill,11,A,English,23
2022-2023,Jasmine Pace,January,Glen Lin,9,A,English,25
2022-2023,Victor Marquez,January,Tiffany Hansen,9,B,English,24
2022-2023,Michael Knox,January,Erin Pierce,10,B,English,18
2022-2023,Jasmine Pace,January,Christopher Hunter,10,B,English,18
2022-2023,Victor Marquez,January,Mary Murray,10,B,English,22
2022-2023,Michael Knox,January,Joshua Kemp,11,B,English,18
2022-2023,Jasmine Pace,January,Denise Moss,12,A,English,25
2022-2023,Victor Marquez,January,Miranda Harris,11,A,English,22
2022-2023,Michael Knox,January,Jeffrey Whitney,11,B,English,26
2022-2023,Jasmine Pace,January,Melissa Gonzalez,9,A,English,22
2022-2023,Victor Marquez,January,Victoria Williams,12,A,English,22
2022-2023,Michael Knox,January,Megan Dillon,12,A,English,23
2022-2023,Jasmine Pace,January,James Martinez,10,A,English,20
2022-2023,Victor Marquez,January,Mallory Salazar,11,B,English,19
2022-2023,Michael Knox,January,David Jacobs,10,B,English,18
2022-2023,Jasmine Pace,January,Kristen Price,9,A,English,26
2022-2023,Victor Marquez,January,Ronald Hayes,9,A,English,20
2022-2023,Michael Knox,January,Briana Sexton,9,B,English,19
2022-2023,Jasmine Pace,January,Jacob George,11,B,English,24
2022-2023,Victor Marquez,January,Jeffery Reid,12,B,English,20
2022-2023,Michael Knox,January,Julia Scott,12,A,English,25
2022-2023,Jasmine Pace,January,Ryan Chapman,12,A,English,24
2022-2023,Victor Marquez,January,Denise Walsh,11,B,English,21
2022-2023,Michael Knox,January,Ricardo Robinson,12,B,English,23
2022-2023,Jasmine Pace,January,Kristen Frost,11,A,English,18
2022-2023,Victor Marquez,January,Micheal Wong,11,A,English,26
2022-2023,Michael Knox,January,Dana Riggs,11,B,English,22
2022-2023,Jasmine Pace,January,Jennifer Murray,11,B,English,26
2022-2023,Victor Marquez,January,Michael Smith,11,A,English,18
2022-2023,Michael Knox,January,Vanessa Odom,11,A,English,25
2022-2023,Jasmine Pace,January,Elizabeth Owens,11,A,English,21
2022-2023,Victor Marquez,January,Pamela Reed,12,A,English,18
2022-2023,Michael Knox,January,Lisa Wilson,9,A,English,19
2022-2023,Jasmine Pace,January,Jeremy Johnson,11,A,English,22
2022-2023,Victor Marquez,January,Deborah Carter,11,B,English,22
2022-2023,Michael Knox,January,Melissa Johnson,12,A,English,23
2022-2023,Jasmine Pace,January,Matthew Townsend,10,A,English,23
2022-2023,Victor Marquez,January,Mary Hendricks,10,B,English,20
2022-2023,Michael Knox,January,Jennifer Gardner,9,B,English,21
2022-2023,Jasmine Pace,January,Christopher Bright,11,A,English,20
2022-2023,Victor Marquez,January,Laurie Marshall,10,A,English,23
2022-2023,Michael Knox,January,Travis Gallagher,9,A,English,26
2022-2023,Jasmine Pace,January,John Rowe,12,A,English,18
2022-2023,Victor Marquez,January,Christy Campbell,11,B,English,26
2022-2023,Michael Knox,January,Cynthia Schneider,10,B,English,24
2022-2023,Jasmine Pace,January,Lee Castillo,11,B,English,24
2022-2023,Victor Marquez,January,Ryan Brady,10,A,English,20
2022-2023,Michael Knox,January,John Anderson,9,A,English,23
2022-2023,Jasmine Pace,January,Marcus Wilson,12,A,English,19
2022-2023,Victor Marquez,January,Alyssa Parker,10,B,English,20
2022-2023,Michael Knox,January,Kaitlyn Morales,9,A,English,19
2022-2023,Jasmine Pace,January,Glenn Meyers,10,A,English,24
2022-2023,Victor Marquez,January,Chelsea Allen,11,A,English,18
2022-2023,Michael Knox,January,Mary Young,11,B,English,26
2022-2023,Jasmine Pace,January,Laura Walker,12,B,English,23
2022-2023,Victor Marquez,January,Edward Smith,12,B,English,23
2022-2023,Michael Knox,January,Jessica Gray,11,A,English,21
2022-2023,Jasmine Pace,January,Seth Smith,9,A,English,18
2022-2023,Victor Marquez,January,Amanda Caldwell,9,A,English,22
2022-2023,Michael Knox,January,Christine Clark,9,B,English,24
2022-2023,Jasmine Pace,January,Shawn Daugherty,10,B,English,23
2022-2023,Victor Marquez,January,Brandi Moore,12,B,English,26
2022-2023,Michael Knox,January,Martin Gillespie,9,B,English,23
2022-2023,Jasmine Pace,January,Steven Wallace,12,B,English,20
2022-2023,Victor Marquez,January,Michael Payne,12,A,English,21
2022-2023,Michael Knox,January,Jessica Russell,12,B,English,24
2022-2023,Jasmine Pace,January,Steven Kemp,11,B,English,26
2022-2023,Victor Marquez,January,Holly Davis,9,A,English,26
2022-2023,Michael Knox,January,William Gates,9,A,English,20
2022-2023,Jasmine Pace,January,Randy King,10,A,English,25
2022-2023,Victor Marquez,January,Paul Martinez,12,B,English,20
2022-2023,Michael Knox,January,Amy Craig,11,A,English,18
2022-2023,Jasmine Pace,January,Shelly Smith,11,B,English,24
2022-2023,Victor Marquez,January,Kristin Roberts,12,A,English,25
2022-2023,Michael Knox,January,Margaret Jefferson,9,B,English,23
2022-2023,Jasmine Pace,January,Tammie Rodriguez,9,B,English,20
2022-2023,Victor Marquez,January,John Burton,10,B,English,26
2022-2023,Michael Knox,January,James Miller,9,A,English,21
2022-2023,Jasmine Pace,January,Erica Campbell,10,B,English,18
2022-2023,Victor Marquez,January,Kevin Holmes,9,A,English,24
2022-2023,Michael Knox,January,Christina Robertson,12,A,English,21
2022-2023,Jasmine Pace,January,Janet Wilkins,10,A,English,18
2022-2023,Victor Marquez,January,Thomas Robinson,9,A,English,24
2022-2023,Michael Knox,January,Amy Thomas,9,A,English,23
2022-2023,Jasmine Pace,January,Richard Mitchell,12,A,English,26
2022-2023,Victor Marquez,January,Jason Taylor,10,B,English,24
2022-2023,Michael Knox,January,Amy Craig,12,B,English,18
2022-2023,Amy Goodwin,January,Cynthia Castaneda,11,A,Mathematics,25
2022-2023,Kathleen Roy,January,Greg Green,12,B,Mathematics,20
2022-2023,Alex Benson,January,Thomas Key,12,A,Mathematics,23
2022-2023,Amy Goodwin,January,Joshua Watkins,12,B,Mathematics,21
2022-2023,Kathleen Roy,January,Jonathan Evans,9,B,Mathematics,18
2022-2023,Alex Benson,January,Krista Evans,9,B,Mathematics,23
2022-2023,Amy Goodwin,January,Regina Rose,12,A,Mathematics,25
2022-2023,Kathleen Roy,January,Brittany Robbins,9,B,Mathematics,19
2022-2023,Alex Benson,January,Ryan Jackson,12,A,Mathematics,24
2022-2023,Amy Goodwin,January,Bridget Flores,11,A,Mathematics,20
2022-2023,Kathleen Roy,January,Brittany Ramirez,10,B,Mathematics,25
2022-2023,Alex Benson,January,Jennifer Johnson,12,A,Mathematics,26
2022-2023,Amy Goodwin,January,Lisa Nelson,12,B,Mathematics,24
2022-2023,Kathleen Roy,January,Bryan Doyle,10,B,Mathematics,23
2022-2023,Alex Benson,January,Cindy Stevens,10,B,Mathematics,26
2022-2023,Amy Goodwin,January,James Martin,12,B,Mathematics,19
2022-2023,Kathleen Roy,January,George Durham,10,A,Mathematics,20
2022-2023,Alex Benson,January,Stephanie Rogers,11,B,Mathematics,21
2022-2023,Amy Goodwin,January,Jenna Turner,9,A,Mathematics,26
2022-2023,Kathleen Roy,January,Elizabeth Chapman,9,B,Mathematics,23
2022-2023,Alex Benson,January,Jennifer Washington,9,A,Mathematics,25
2022-2023,Amy Goodwin,January,Theresa Clark,10,A,Mathematics,24
2022-2023,Kathleen Roy,January,Timothy Hartman,9,B,Mathematics,21
2022-2023,Alex Benson,January,Cameron Martinez,10,A,Mathematics,22
2022-2023,Amy Goodwin,January,Matthew Fernandez,12,A,Mathematics,19
2022-2023,Kathleen Roy,January,Douglas Thompson,10,B,Mathematics,26
2022-2023,Alex Benson,January,Christian Clark,10,A,Mathematics,26
2022-2023,Amy Goodwin,January,Sonia Morrow,9,A,Mathematics,19
2022-2023,Kathleen Roy,January,Kaitlyn Simmons,9,B,Mathematics,23
2022-2023,Alex Benson,January,Sharon Lee,12,B,Mathematics,23
2022-2023,Amy Goodwin,January,Jennifer Gonzales,10,B,Mathematics,23
2022-2023,Kathleen Roy,January,Isabel Adkins,10,A,Mathematics,21
2022-2023,Alex Benson,January,Tracey Prince,9,A,Mathematics,21
2022-2023,Amy Goodwin,January,Samuel Smith,11,A,Mathematics,20
2022-2023,Kathleen Roy,January,Nicole Johnson,11,B,Mathematics,23
2022-2023,Alex Benson,January,Kathleen Acevedo,12,A,Mathematics,23
2022-2023,Amy Goodwin,January,Alejandro Lucas,10,B,Mathematics,25
2022-2023,Kathleen Roy,January,Cynthia Myers,12,A,Mathematics,26
2022-2023,Alex Benson,January,Maria Larson,9,B,Mathematics,22
2022-2023,Amy Goodwin,January,Russell Richardson,9,B,Mathematics,18
2022-2023,Kathleen Roy,January,Brittany Edwards,11,A,Mathematics,21
2022-2023,Alex Benson,January,Michele Hall,9,B,Mathematics,20
2022-2023,Amy Goodwin,January,Sarah Terry,11,B,Mathematics,18
2022-2023,Kathleen Roy,January,Sean Mejia,10,A,Mathematics,22
2022-2023,Alex Benson,January,Angela Morgan,10,B,Mathematics,24
2022-2023,Amy Goodwin,January,Sally Mendez,10,B,Mathematics,18
2022-2023,Kathleen Roy,January,Brandon Wallace,9,B,Mathematics,19
2022-2023,Alex Benson,January,Scott Griffith,9,A,Mathematics,20
2022-2023,Amy Goodwin,January,Jennifer Miles,10,A,Mathematics,24
2022-2023,Kathleen Roy,January,Meghan Mills,10,B,Mathematics,26
2022-2023,Alex Benson,January,Robert Robinson,11,B,Mathematics,23
2022-2023,Amy Goodwin,January,Tara Lowe,10,B,Mathematics,20
2022-2023,Kathleen Roy,January,Angela Perez,10,A,Mathematics,25
2022-2023,Alex Benson,January,Andrew Cruz,9,B,Mathematics,23
2022-2023,Amy Goodwin,January,Sierra Cantu,11,B,Mathematics,19
2022-2023,Kathleen Roy,January,Julie Townsend,12,A,Mathematics,24
2022-2023,Alex Benson,January,Amanda Bishop,10,B,Mathematics,20
2022-2023,Amy Goodwin,January,Sabrina Cruz,9,B,Mathematics,20
2022-2023,Kathleen Roy,January,Rhonda Reyes,10,A,Mathematics,26
2022-2023,Alex Benson,January,Jennifer Wilson,11,A,Mathematics,21
2022-2023,Amy Goodwin,January,Sandra Schmidt,10,A,Mathematics,25
2022-2023,Kathleen Roy,January,Heather Davis,11,A,Mathematics,21
2022-2023,Alex Benson,January,Louis Jacobson,12,A,Mathematics,19
2022-2023,Amy Goodwin,January,Christopher Lopez,12,B,Mathematics,22
2022-2023,Kathleen Roy,January,Lauren Lopez,10,A,Mathematics,24
2022-2023,Alex Benson,January,Sandra Olson,12,B,Mathematics,21
2022-2023,Amy Goodwin,January,William Simon,9,B,Mathematics,26
2022-2023,Kathleen Roy,January,Jessica Hicks,10,B,Mathematics,26
2022-2023,Alex Benson,January,Michael Garcia,10,A,Mathematics,22
2022-2023,Amy Goodwin,January,Katherine Carroll,10,A,Mathematics,23
2022-2023,Kathleen Roy,January,Johnathan Turner,9,B,Mathematics,20
2022-2023,Alex Benson,January,Robert Johnson,12,A,Mathematics,21
2022-2023,Amy Goodwin,January,Christina Stone,11,B,Mathematics,25
2022-2023,Kathleen Roy,January,Charles Hess,12,B,Mathematics,23
2022-2023,Alex Benson,January,James Lucas,9,A,Mathematics,18
2022-2023,Amy Goodwin,January,Alexandra Hardy,9,B,Mathematics,20
2022-2023,Kathleen Roy,January,David Powell,12,B,Mathematics,23
2022-2023,Alex Benson,January,Thomas Rogers,11,B,Mathematics,21
2022-2023,Amy Goodwin,January,Jenna Robertson,10,A,Mathematics,18
2022-2023,Kathleen Roy,January,Lauren Smith,12,B,Mathematics,23
2022-2023,Alex Benson,January,Andrew Flores,10,B,Mathematics,25
2022-2023,Amy Goodwin,January,Shannon Murphy,10,B,Mathematics,22
2022-2023,Kathleen Roy,January,Christopher Li,10,A,Mathematics,22
2022-2023,Alex Benson,January,Amber Nelson,9,B,Mathematics,21
2022-2023,Amy Goodwin,January,Teresa Mercado,11,A,Mathematics,21
2022-2023,Kathleen Roy,January,Paul Cross,11,A,Mathematics,26
2022-2023,Alex Benson,January,Laura Butler,12,B,Mathematics,22
2022-2023,Amy Goodwin,January,Jennifer Ferguson,12,B,Mathematics,21
2022-2023,Kathleen Roy,January,Cindy Dixon,9,A,Mathematics,25
2022-2023,Alex Benson,January,Angelica Wells,12,A,Mathematics,26
2022-2023,Amy Goodwin,January,Corey Kidd,11,B,Mathematics,18
2022-2023,Kathleen Roy,January,Christopher Rosales,10,B,Mathematics,21
2022-2023,Alex Benson,January,Kent Cunningham,11,B,Mathematics,19
2022-2023,Amy Goodwin,January,Joseph Welch,12,B,Mathematics,22
2022-2023,Kathleen Roy,January,Nathan Barton,11,B,Mathematics,19
2022-2023,Alex Benson,January,Mark Carr,10,A,Mathematics,22
2022-2023,Amy Goodwin,January,Lindsey Rodgers,9,A,Mathematics,19
2022-2023,Kathleen Roy,January,Tina Nelson,11,B,Mathematics,23
2022-2023,Alex Benson,January,Jonathan Turner,9,A,Mathematics,24
2022-2023,Amy Goodwin,January,Carolyn Rice,12,A,Mathematics,19
2022-2023,Kathleen Roy,January,Scott Suarez,11,A,Mathematics,22
2022-2023,Alex Benson,January,Melissa Olson,9,A,Mathematics,22
2022-2023,Amy Goodwin,January,Joshua Nguyen,10,B,Mathematics,25
2022-2023,Kathleen Roy,January,Kelly Petersen,12,B,Mathematics,26
2022-2023,Alex Benson,January,Megan Lyons,11,A,Mathematics,21
2022-2023,Amy Goodwin,January,James Morgan,10,A,Mathematics,21
2022-2023,Kathleen Roy,January,Darren Weber,12,B,Mathematics,22
2022-2023,Alex Benson,January,Rebecca Leblanc,10,B,Mathematics,26
2022-2023,Amy Goodwin,January,Hannah Marshall,10,B,Mathematics,23
2022-2023,Kathleen Roy,January,Steven Garcia,9,A,Mathematics,24
2022-2023,Alex Benson,January,Bryan Miller,11,A,Mathematics,18
2022-2023,Amy Goodwin,January,Brett Perez,10,B,Mathematics,21
2022-2023,Kathleen Roy,January,Vincent Green,9,B,Mathematics,24
2022-2023,Alex Benson,January,Shawn Johnson,9,A,Mathematics,26
2022-2023,Amy Goodwin,January,Katherine Martin,10,A,Mathematics,24
2022-2023,Kathleen Roy,January,Andrea Long,10,B,Mathematics,19
2022-2023,Alex Benson,January,John Holmes,9,B,Mathematics,23
2022-2023,Amy Goodwin,January,Steven Harper,12,A,Mathematics,24
2022-2023,Kathleen Roy,January,Trevor George,11,A,Mathematics,25
2022-2023,Alex Benson,January,Angela Ramirez,11,A,Mathematics,25
2022-2023,Amy Goodwin,January,Melanie Everett,11,A,Mathematics,18
2022-2023,Kathleen Roy,January,Heather Russo,11,A,Mathematics,19
2022-2023,Alex Benson,January,Kenneth Chandler,9,A,Mathematics,20
2022-2023,Amy Goodwin,January,Brandon Shah,10,B,Mathematics,18
2022-2023,Kathleen Roy,January,Matthew Gill,9,A,Mathematics,23
2022-2023,Alex Benson,January,Jennifer Jones,11,A,Mathematics,22
2022-2023,Amy Goodwin,January,Kristen Montgomery,12,B,Mathematics,21
2022-2023,Kathleen Roy,January,Matthew Kane,11,B,Mathematics,20
2022-2023,Alex Benson,January,Brandy Johnson,9,A,Mathematics,26
2022-2023,Amy Goodwin,January,Lauren Chaney,9,A,Mathematics,20
2022-2023,Kathleen Roy,January,Karen Richard,9,A,Mathematics,25
2022-2023,Alex Benson,January,Dawn Clark,9,A,Mathematics,23
2022-2023,Amy Goodwin,January,Gerald Glover,10,B,Mathematics,20
2022-2023,Kathleen Roy,January,Christopher Lowery,11,B,Mathematics,18
2022-2023,Alex Benson,January,Pedro Reed,11,B,Mathematics,22
2022-2023,Amy Goodwin,January,Anne Barrera,9,A,Mathematics,26
2022-2023,Kathleen Roy,January,Kristin Hernandez,9,A,Mathematics,19
2022-2023,Alex Benson,January,Vincent Thompson,10,A,Mathematics,21
2022-2023,Amy Goodwin,January,Mary Miller,9,B,Mathematics,20
2022-2023,Kathleen Roy,January,Christopher Hines,10,A,Mathematics,18
2022-2023,Alex Benson,January,Laura Johnson,9,A,Mathematics,21
2022-2023,Amy Goodwin,January,Joseph Fisher,9,A,Mathematics,21
2022-2023,Kathleen Roy,January,Amanda Perry,9,B,Mathematics,25
2022-2023,Alex Benson,January,Aaron Clayton,11,B,Mathematics,18
2022-2023,Amy Goodwin,January,Julie Smith,12,B,Mathematics,25
2022-2023,Kathleen Roy,January,Anne Hill,9,A,Mathematics,23
2022-2023,Alex Benson,January,Misty Solis,10,A,Mathematics,22
2022-2023,Amy Goodwin,January,Carlos Drake,9,A,Mathematics,18
2022-2023,Kathleen Roy,January,Kyle Cobb,9,B,Mathematics,20
2022-2023,Alex Benson,January,Richard Jennings,11,B,Mathematics,21
2022-2023,Amy Goodwin,January,Donald Curry,11,B,Mathematics,22
2022-2023,Kathleen Roy,January,Kathleen Decker,12,B,Mathematics,23
2022-2023,Alex Benson,January,Anna Robinson,12,B,Mathematics,18
2022-2023,Amy Goodwin,January,Amy Love,9,A,Mathematics,26
2022-2023,Kathleen Roy,January,Jennifer Ortega,9,B,Mathematics,26
2022-2023,Alex Benson,January,Marvin Alvarado,12,B,Mathematics,21
2022-2023,Amy Goodwin,January,Amanda Harper,10,A,Mathematics,23
2022-2023,Kathleen Roy,January,Jacqueline Miller,9,A,Mathematics,26
2022-2023,Alex Benson,January,Matthew Smith,12,A,Mathematics,25
2022-2023,Amy Goodwin,January,Jennifer Foster,11,B,Mathematics,21
2022-2023,Kathleen Roy,January,Christine Buchanan,9,A,Mathematics,18
2022-2023,Alex Benson,January,Jose Larsen,10,B,Mathematics,25
2022-2023,Amy Goodwin,January,Mary Heath,12,A,Mathematics,22
2022-2023,Kathleen Roy,January,Dustin Barr,11,B,Mathematics,19
2022-2023,Alex Benson,January,Faith Murray,10,B,Mathematics,21
2022-2023,Amy Goodwin,January,Brian Matthews,12,B,Mathematics,26
2022-2023,Kathleen Roy,January,Michael Heath,9,A,Mathematics,19
2022-2023,Alex Benson,January,Kevin Gomez,10,B,Mathematics,21
2022-2023,Amy Goodwin,January,David Shaw,12,A,Mathematics,22
2022-2023,Kathleen Roy,January,Tracey Black,11,A,Mathematics,22
2022-2023,Alex Benson,January,Marie Santiago,12,A,Mathematics,22
2022-2023,Amy Goodwin,January,Thomas Wheeler,11,A,Mathematics,26
2022-2023,Kathleen Roy,January,Yolanda White,11,A,Mathematics,18
2022-2023,Alex Benson,January,Grace Clark,10,A,Mathematics,25
2022-2023,Amy Goodwin,January,Rebecca Williams,12,A,Mathematics,19
2022-2023,Kathleen Roy,January,Jessica Ramsey,9,B,Mathematics,23
2022-2023,Alex Benson,January,George Keller,12,A,Mathematics,22
2022-2023,Amy Goodwin,January,Tyler Cross,11,B,Mathematics,24
2022-2023,Kathleen Roy,January,Noah Hall,9,B,Mathematics,23
2022-2023,Alex Benson,January,Thomas Cervantes,11,B,Mathematics,22
2022-2023,Amy Goodwin,January,Christopher Haney,10,A,Mathematics,25
2022-2023,Kathleen Roy,January,Jennifer Reed,10,B,Mathematics,23
2022-2023,Alex Benson,January,Andre Riggs,11,A,Mathematics,21
2022-2023,Amy Goodwin,January,Angela Franklin,12,A,Mathematics,26
2022-2023,Kathleen Roy,January,Todd Dean,12,B,Mathematics,26
2022-2023,Alex Benson,January,Christine Solis,10,A,Mathematics,21
2022-2023,Amy Goodwin,January,Molly Roberts,11,B,Mathematics,22
2022-2023,Kathleen Roy,January,Kathy Moran,12,B,Mathematics,21
2022-2023,Alex Benson,January,Kimberly Trevino,11,B,Mathematics,18
2022-2023,Amy Goodwin,January,Michael Beck,12,B,Mathematics,22
2022-2023,Kathleen Roy,January,Megan Gutierrez,12,A,Mathematics,24
2022-2023,Alex Benson,January,Deborah Smith,10,B,Mathematics,26
2022-2023,Amy Goodwin,January,Andrew Mathews,12,A,Mathematics,23
2022-2023,Kathleen Roy,January,Andrew Lee,10,B,Mathematics,23
2022-2023,Alex Benson,January,Garrett Nguyen,9,A,Mathematics,21
2022-2023,Amy Goodwin,January,Mary Jordan,12,A,Mathematics,24
2022-2023,Kathleen Roy,January,John Smith,11,B,Mathematics,24
2022-2023,Alex Benson,January,Brandon Morgan,11,A,Mathematics,26
2022-2023,Amy Goodwin,January,Michael Morris,12,A,Mathematics,21
2022-2023,Kathleen Roy,January,Troy Austin,9,B,Mathematics,19
2022-2023,Alex Benson,January,Zachary Sellers,9,A,Mathematics,24
2022-2023,Amy Goodwin,January,Jasmine Jensen,11,A,Mathematics,21
2022-2023,Kathleen Roy,January,William Wright,10,B,Mathematics,25
2022-2023,Alex Benson,January,Julie Ramsey,10,B,Mathematics,21
2022-2023,Amy Goodwin,January,Samantha Arnold,11,B,Mathematics,20
2022-2023,Kathleen Roy,January,Jonathan Garcia,11,A,Mathematics,23
2022-2023,Alex Benson,January,Lori Fritz,12,A,Mathematics,18
2022-2023,Amy Goodwin,January,Joshua Shelton,11,A,Mathematics,22
2022-2023,Kathleen Roy,January,Roger Walters,11,B,Mathematics,24
2022-2023,Alex Benson,January,Jacob Campbell,9,A,Mathematics,20
2022-2023,Amy Goodwin,January,Megan Nicholson,12,B,Mathematics,21
2022-2023,Kathleen Roy,January,Shawn Ellis,12,A,Mathematics,23
2022-2023,Alex Benson,January,James Lopez,11,B,Mathematics,25
2022-2023,Amy Goodwin,January,Alexander Rubio,12,B,Mathematics,19
2022-2023,Kathleen Roy,January,Mark Trujillo,10,A,Mathematics,20
2022-2023,Alex Benson,January,Yesenia Valenzuela,11,B,Mathematics,26
2022-2023,Amy Goodwin,January,Heidi Ward,10,B,Mathematics,24
2022-2023,Kathleen Roy,January,Tina Spencer,12,A,Mathematics,26
2022-2023,Alex Benson,January,Samantha Griffith,9,B,Mathematics,24
2022-2023,Amy Goodwin,January,Teresa Romero,10,B,Mathematics,23
2022-2023,Kathleen Roy,January,Tony Spears,12,B,Mathematics,26
2022-2023,Alex Benson,January,Breanna Glass,12,A,Mathematics,25
2022-2023,Amy Goodwin,January,Julia Young,9,A,Mathematics,24
2022-2023,Kathleen Roy,January,Linda Fritz,12,B,Mathematics,25
2022-2023,Alex Benson,January,Karen Nunez,9,B,Mathematics,25
2022-2023,Amy Goodwin,January,Erin Mclean,10,B,Mathematics,18
2022-2023,Kathleen Roy,January,Laura Baird,10,A,Mathematics,19
2022-2023,Alex Benson,January,Michele Velazquez,11,B,Mathematics,23
2022-2023,Amy Goodwin,January,Jessica Jordan,11,B,Mathematics,22
2022-2023,Kathleen Roy,January,Taylor Marshall,12,A,Mathematics,24
2022-2023,Alex Benson,January,Raymond Berry,10,B,Mathematics,20
2022-2023,Amy Goodwin,January,Joel Bautista,9,B,Mathematics,24
2022-2023,Kathleen Roy,January,Lori Black,9,A,Mathematics,22
2022-2023,Alex Benson,January,Dennis Harris,10,A,Mathematics,22
2022-2023,Amy Goodwin,January,Angelica Cox,11,A,Mathematics,21
2022-2023,Kathleen Roy,January,Keith Patel,12,A,Mathematics,20
2022-2023,Alex Benson,January,Bruce Hall,11,A,Mathematics,20
2022-2023,Amy Goodwin,January,Andrea Graham,12,B,Mathematics,21
2022-2023,Kathleen Roy,January,Daniel Walker,10,A,Mathematics,22
2022-2023,Alex Benson,January,Emily Phillips,12,B,Mathematics,25
2022-2023,Amy Goodwin,January,Patrick Jimenez,10,B,Mathematics,20
2022-2023,Kathleen Roy,January,Alexander Owens,12,B,Mathematics,21
2022-2023,Alex Benson,January,Nicholas Harris,9,A,Mathematics,26
2022-2023,Amy Goodwin,January,Randy Alexander,11,A,Mathematics,25
2022-2023,Kathleen Roy,January,Luke Morrow,10,B,Mathematics,23
2022-2023,Alex Benson,January,Heather Davis,12,A,Mathematics,26
2022-2023,Amy Goodwin,January,Gerald Evans,10,B,Mathematics,24
2022-2023,Kathleen Roy,January,Stephen Parsons,12,B,Mathematics,19
2022-2023,Alex Benson,January,Nicole Bryant,12,A,Mathematics,19
2022-2023,Amy Goodwin,January,Lucas Mendoza,11,B,Mathematics,21
2022-2023,Kathleen Roy,January,Janet Garcia,10,B,Mathematics,20
2022-2023,Alex Benson,January,Christopher Molina,11,B,Mathematics,20
2022-2023,Amy Goodwin,January,Randy Patel,10,A,Mathematics,25
2022-2023,Kathleen Roy,January,David Miller,12,B,Mathematics,20
2022-2023,Alex Benson,January,Julie Dawson,12,B,Mathematics,24
2022-2023,Amy Goodwin,January,Robin Jenkins,9,B,Mathematics,25
2022-2023,Kathleen Roy,January,Krista Davis,10,A,Mathematics,26
2022-2023,Alex Benson,January,Melissa Porter,9,B,Mathematics,24
2022-2023,Amy Goodwin,January,Jodi Pope,11,A,Mathematics,19
2022-2023,Kathleen Roy,January,Christopher Deleon,10,A,Mathematics,19
2022-2023,Alex Benson,January,Shelly Warren,11,B,Mathematics,19
2022-2023,Amy Goodwin,January,Elizabeth Hall,11,B,Mathematics,26
2022-2023,Kathleen Roy,January,Gary Hill,11,A,Mathematics,23
2022-2023,Alex Benson,January,Glen Lin,9,A,Mathematics,25
2022-2023,Amy Goodwin,January,Tiffany Hansen,9,B,Mathematics,24
2022-2023,Kathleen Roy,January,Erin Pierce,10,B,Mathematics,18
2022-2023,Alex Benson,January,Christopher Hunter,10,B,Mathematics,18
2022-2023,Amy Goodwin,January,Mary Murray,10,B,Mathematics,22
2022-2023,Kathleen Roy,January,Joshua Kemp,11,B,Mathematics,18
2022-2023,Alex Benson,January,Denise Moss,12,A,Mathematics,25
2022-2023,Amy Goodwin,January,Miranda Harris,11,A,Mathematics,22
2022-2023,Kathleen Roy,January,Jeffrey Whitney,11,B,Mathematics,26
2022-2023,Alex Benson,January,Melissa Gonzalez,9,A,Mathematics,22
2022-2023,Amy Goodwin,January,Victoria Williams,12,A,Mathematics,22
2022-2023,Kathleen Roy,January,Megan Dillon,12,A,Mathematics,23
2022-2023,Alex Benson,January,James Martinez,10,A,Mathematics,20
2022-2023,Amy Goodwin,January,Mallory Salazar,11,B,Mathematics,19
2022-2023,Kathleen Roy,January,David Jacobs,10,B,Mathematics,18
2022-2023,Alex Benson,January,Kristen Price,9,A,Mathematics,26
2022-2023,Amy Goodwin,January,Ronald Hayes,9,A,Mathematics,20
2022-2023,Kathleen Roy,January,Briana Sexton,9,B,Mathematics,19
2022-2023,Alex Benson,January,Jacob George,11,B,Mathematics,24
2022-2023,Amy Goodwin,January,Jeffery Reid,12,B,Mathematics,20
2022-2023,Kathleen Roy,January,Julia Scott,12,A,Mathematics,25
2022-2023,Alex Benson,January,Ryan Chapman,12,A,Mathematics,24
2022-2023,Amy Goodwin,January,Denise Walsh,11,B,Mathematics,21
2022-2023,Kathleen Roy,January,Ricardo Robinson,12,B,Mathematics,23
2022-2023,Alex Benson,January,Kristen Frost,11,A,Mathematics,18
2022-2023,Amy Goodwin,January,Micheal Wong,11,A,Mathematics,26
2022-2023,Kathleen Roy,January,Dana Riggs,11,B,Mathematics,22
2022-2023,Alex Benson,January,Jennifer Murray,11,B,Mathematics,26
2022-2023,Amy Goodwin,January,Michael Smith,11,A,Mathematics,18
2022-2023,Kathleen Roy,January,Vanessa Odom,11,A,Mathematics,25
2022-2023,Alex Benson,January,Elizabeth Owens,11,A,Mathematics,21
2022-2023,Amy Goodwin,January,Pamela Reed,12,A,Mathematics,18
2022-2023,Kathleen Roy,January,Lisa Wilson,9,A,Mathematics,19
2022-2023,Alex Benson,January,Jeremy Johnson,11,A,Mathematics,22
2022-2023,Amy Goodwin,January,Deborah Carter,11,B,Mathematics,22
2022-2023,Kathleen Roy,January,Melissa Johnson,12,A,Mathematics,23
2022-2023,Alex Benson,January,Matthew Townsend,10,A,Mathematics,23
2022-2023,Amy Goodwin,January,Mary Hendricks,10,B,Mathematics,20
2022-2023,Kathleen Roy,January,Jennifer Gardner,9,B,Mathematics,21
2022-2023,Alex Benson,January,Christopher Bright,11,A,Mathematics,20
2022-2023,Amy Goodwin,January,Laurie Marshall,10,A,Mathematics,23
2022-2023,Kathleen Roy,January,Travis Gallagher,9,A,Mathematics,26
2022-2023,Alex Benson,January,John Rowe,12,A,Mathematics,18
2022-2023,Amy Goodwin,January,Christy Campbell,11,B,Mathematics,26
2022-2023,Kathleen Roy,January,Cynthia Schneider,10,B,Mathematics,24
2022-2023,Alex Benson,January,Lee Castillo,11,B,Mathematics,24
2022-2023,Amy Goodwin,January,Ryan Brady,10,A,Mathematics,20
2022-2023,Kathleen Roy,January,John Anderson,9,A,Mathematics,23
2022-2023,Alex Benson,January,Marcus Wilson,12,A,Mathematics,19
2022-2023,Amy Goodwin,January,Alyssa Parker,10,B,Mathematics,20
2022-2023,Kathleen Roy,January,Kaitlyn Morales,9,A,Mathematics,19
2022-2023,Alex Benson,January,Glenn Meyers,10,A,Mathematics,24
2022-2023,Amy Goodwin,January,Chelsea Allen,11,A,Mathematics,18
2022-2023,Kathleen Roy,January,Mary Young,11,B,Mathematics,26
2022-2023,Alex Benson,January,Laura Walker,12,B,Mathematics,23
2022-2023,Amy Goodwin,January,Edward Smith,12,B,Mathematics,23
2022-2023,Kathleen Roy,January,Jessica Gray,11,A,Mathematics,21
2022-2023,Alex Benson,January,Seth Smith,9,A,Mathematics,18
2022-2023,Amy Goodwin,January,Amanda Caldwell,9,A,Mathematics,22
2022-2023,Kathleen Roy,January,Christine Clark,9,B,Mathematics,24
2022-2023,Alex Benson,January,Shawn Daugherty,10,B,Mathematics,23
2022-2023,Amy Goodwin,January,Brandi Moore,12,B,Mathematics,26
2022-2023,Kathleen Roy,January,Martin Gillespie,9,B,Mathematics,23
2022-2023,Alex Benson,January,Steven Wallace,12,B,Mathematics,20
2022-2023,Amy Goodwin,January,Michael Payne,12,A,Mathematics,21
2022-2023,Kathleen Roy,January,Jessica Russell,12,B,Mathematics,24
2022-2023,Alex Benson,January,Steven Kemp,11,B,Mathematics,26
2022-2023,Amy Goodwin,January,Holly Davis,9,A,Mathematics,26
2022-2023,Kathleen Roy,January,William Gates,9,A,Mathematics,20
2022-2023,Alex Benson,January,Randy King,10,A,Mathematics,25
2022-2023,Amy Goodwin,January,Paul Martinez,12,B,Mathematics,20
2022-2023,Kathleen Roy,January,Amy Craig,11,A,Mathematics,18
2022-2023,Alex Benson,January,Shelly Smith,11,B,Mathematics,24
2022-2023,Amy Goodwin,January,Kristin Roberts,12,A,Mathematics,25
2022-2023,Kathleen Roy,January,Margaret Jefferson,9,B,Mathematics,23
2022-2023,Alex Benson,January,Tammie Rodriguez,9,B,Mathematics,20
2022-2023,Amy Goodwin,January,John Burton,10,B,Mathematics,26
2022-2023,Kathleen Roy,January,James Miller,9,A,Mathematics,21
2022-2023,Alex Benson,January,Erica Campbell,10,B,Mathematics,18
2022-2023,Amy Goodwin,January,Kevin Holmes,9,A,Mathematics,24
2022-2023,Kathleen Roy,January,Christina Robertson,12,A,Mathematics,21
2022-2023,Alex Benson,January,Janet Wilkins,10,A,Mathematics,18
2022-2023,Amy Goodwin,January,Thomas Robinson,9,A,Mathematics,24
2022-2023,Kathleen Roy,January,Amy Thomas,9,A,Mathematics,23
2022-2023,Alex Benson,January,Richard Mitchell,12,A,Mathematics,26
2022-2023,Amy Goodwin,January,Jason Taylor,10,B,Mathematics,24
2022-2023,Kathleen Roy,January,Amy Craig,12,B,Mathematics,18
2022-2023,Angela Lewis,January,Cynthia Castaneda,11,A,Science,25
2022-2023,Robert George,January,Greg Green,12,B,Science,20
2022-2023,Ryan Lyons,January,Thomas Key,12,A,Science,23
2022-2023,Angela Lewis,January,Joshua Watkins,12,B,Science,21
2022-2023,Robert George,January,Jonathan Evans,9,B,Science,18
2022-2023,Ryan Lyons,January,Krista Evans,9,B,Science,23
2022-2023,Angela Lewis,January,Regina Rose,12,A,Science,25
2022-2023,Robert George,January,Brittany Robbins,9,B,Science,19
2022-2023,Ryan Lyons,January,Ryan Jackson,12,A,Science,24
2022-2023,Angela Lewis,January,Bridget Flores,11,A,Science,20
2022-2023,Robert George,January,Brittany Ramirez,10,B,Science,25
2022-2023,Ryan Lyons,January,Jennifer Johnson,12,A,Science,26
2022-2023,Angela Lewis,January,Lisa Nelson,12,B,Science,24
2022-2023,Robert George,January,Bryan Doyle,10,B,Science,23
2022-2023,Ryan Lyons,January,Cindy Stevens,10,B,Science,26
2022-2023,Angela Lewis,January,James Martin,12,B,Science,19
2022-2023,Robert George,January,George Durham,10,A,Science,20
2022-2023,Ryan Lyons,January,Stephanie Rogers,11,B,Science,21
2022-2023,Angela Lewis,January,Jenna Turner,9,A,Science,26
2022-2023,Robert George,January,Elizabeth Chapman,9,B,Science,23
2022-2023,Ryan Lyons,January,Jennifer Washington,9,A,Science,25
2022-2023,Angela Lewis,January,Theresa Clark,10,A,Science,24
2022-2023,Robert George,January,Timothy Hartman,9,B,Science,21
2022-2023,Ryan Lyons,January,Cameron Martinez,10,A,Science,22
2022-2023,Angela Lewis,January,Matthew Fernandez,12,A,Science,19
2022-2023,Robert George,January,Douglas Thompson,10,B,Science,26
2022-2023,Ryan Lyons,January,Christian Clark,10,A,Science,26
2022-2023,Angela Lewis,January,Sonia Morrow,9,A,Science,19
2022-2023,Robert George,January,Kaitlyn Simmons,9,B,Science,23
2022-2023,Ryan Lyons,January,Sharon Lee,12,B,Science,23
2022-2023,Angela Lewis,January,Jennifer Gonzales,10,B,Science,23
2022-2023,Robert George,January,Isabel Adkins,10,A,Science,21
2022-2023,Ryan Lyons,January,Tracey Prince,9,A,Science,21
2022-2023,Angela Lewis,January,Samuel Smith,11,A,Science,20
2022-2023,Robert George,January,Nicole Johnson,11,B,Science,23
2022-2023,Ryan Lyons,January,Kathleen Acevedo,12,A,Science,23
2022-2023,Angela Lewis,January,Alejandro Lucas,10,B,Science,25
2022-2023,Robert George,January,Cynthia Myers,12,A,Science,26
2022-2023,Ryan Lyons,January,Maria Larson,9,B,Science,22
2022-2023,Angela Lewis,January,Russell Richardson,9,B,Science,18
2022-2023,Robert George,January,Brittany Edwards,11,A,Science,21
2022-2023,Ryan Lyons,January,Michele Hall,9,B,Science,20
2022-2023,Angela Lewis,January,Sarah Terry,11,B,Science,18
2022-2023,Robert George,January,Sean Mejia,10,A,Science,22
2022-2023,Ryan Lyons,January,Angela Morgan,10,B,Science,24
2022-2023,Angela Lewis,January,Sally Mendez,10,B,Science,18
2022-2023,Robert George,January,Brandon Wallace,9,B,Science,19
2022-2023,Ryan Lyons,January,Scott Griffith,9,A,Science,20
2022-2023,Angela Lewis,January,Jennifer Miles,10,A,Science,24
2022-2023,Robert George,January,Meghan Mills,10,B,Science,26
2022-2023,Ryan Lyons,January,Robert Robinson,11,B,Science,23
2022-2023,Angela Lewis,January,Tara Lowe,10,B,Science,20
2022-2023,Robert George,January,Angela Perez,10,A,Science,25
2022-2023,Ryan Lyons,January,Andrew Cruz,9,B,Science,23
2022-2023,Angela Lewis,January,Sierra Cantu,11,B,Science,19
2022-2023,Robert George,January,Julie Townsend,12,A,Science,24
2022-2023,Ryan Lyons,January,Amanda Bishop,10,B,Science,20
2022-2023,Angela Lewis,January,Sabrina Cruz,9,B,Science,20
2022-2023,Robert George,January,Rhonda Reyes,10,A,Science,26
2022-2023,Ryan Lyons,January,Jennifer Wilson,11,A,Science,21
2022-2023,Angela Lewis,January,Sandra Schmidt,10,A,Science,25
2022-2023,Robert George,January,Heather Davis,11,A,Science,21
2022-2023,Ryan Lyons,January,Louis Jacobson,12,A,Science,19
2022-2023,Angela Lewis,January,Christopher Lopez,12,B,Science,22
2022-2023,Robert George,January,Lauren Lopez,10,A,Science,24
2022-2023,Ryan Lyons,January,Sandra Olson,12,B,Science,21
2022-2023,Angela Lewis,January,William Simon,9,B,Science,26
2022-2023,Robert George,January,Jessica Hicks,10,B,Science,26
2022-2023,Ryan Lyons,January,Michael Garcia,10,A,Science,22
2022-2023,Angela Lewis,January,Katherine Carroll,10,A,Science,23
2022-2023,Robert George,January,Johnathan Turner,9,B,Science,20
2022-2023,Ryan Lyons,January,Robert Johnson,12,A,Science,21
2022-2023,Angela Lewis,January,Christina Stone,11,B,Science,25
2022-2023,Robert George,January,Charles Hess,12,B,Science,23
2022-2023,Ryan Lyons,January,James Lucas,9,A,Science,18
2022-2023,Angela Lewis,January,Alexandra Hardy,9,B,Science,20
2022-2023,Robert George,January,David Powell,12,B,Science,23
2022-2023,Ryan Lyons,January,Thomas Rogers,11,B,Science,21
2022-2023,Angela Lewis,January,Jenna Robertson,10,A,Science,18
2022-2023,Robert George,January,Lauren Smith,12,B,Science,23
2022-2023,Ryan Lyons,January,Andrew Flores,10,B,Science,25
2022-2023,Angela Lewis,January,Shannon Murphy,10,B,Science,22
2022-2023,Robert George,January,Christopher Li,10,A,Science,22
2022-2023,Ryan Lyons,January,Amber Nelson,9,B,Science,21
2022-2023,Angela Lewis,January,Teresa Mercado,11,A,Science,21
2022-2023,Robert George,January,Paul Cross,11,A,Science,26
2022-2023,Ryan Lyons,January,Laura Butler,12,B,Science,22
2022-2023,Angela Lewis,January,Jennifer Ferguson,12,B,Science,21
2022-2023,Robert George,January,Cindy Dixon,9,A,Science,25
2022-2023,Ryan Lyons,January,Angelica Wells,12,A,Science,26
2022-2023,Angela Lewis,January,Corey Kidd,11,B,Science,18
2022-2023,Robert George,January,Christopher Rosales,10,B,Science,21
2022-2023,Ryan Lyons,January,Kent Cunningham,11,B,Science,19
2022-2023,Angela Lewis,January,Joseph Welch,12,B,Science,22
2022-2023,Robert George,January,Nathan Barton,11,B,Science,19
2022-2023,Ryan Lyons,January,Mark Carr,10,A,Science,22
2022-2023,Angela Lewis,January,Lindsey Rodgers,9,A,Science,19
2022-2023,Robert George,January,Tina Nelson,11,B,Science,23
2022-2023,Ryan Lyons,January,Jonathan Turner,9,A,Science,24
2022-2023,Angela Lewis,January,Carolyn Rice,12,A,Science,19
2022-2023,Robert George,January,Scott Suarez,11,A,Science,22
2022-2023,Ryan Lyons,January,Melissa Olson,9,A,Science,22
2022-2023,Angela Lewis,January,Joshua Nguyen,10,B,Science,25
2022-2023,Robert George,January,Kelly Petersen,12,B,Science,26
2022-2023,Ryan Lyons,January,Megan Lyons,11,A,Science,21
2022-2023,Angela Lewis,January,James Morgan,10,A,Science,21
2022-2023,Robert George,January,Darren Weber,12,B,Science,22
2022-2023,Ryan Lyons,January,Rebecca Leblanc,10,B,Science,26
2022-2023,Angela Lewis,January,Hannah Marshall,10,B,Science,23
2022-2023,Robert George,January,Steven Garcia,9,A,Science,24
2022-2023,Ryan Lyons,January,Bryan Miller,11,A,Science,18
2022-2023,Angela Lewis,January,Brett Perez,10,B,Science,21
2022-2023,Robert George,January,Vincent Green,9,B,Science,24
2022-2023,Ryan Lyons,January,Shawn Johnson,9,A,Science,26
2022-2023,Angela Lewis,January,Katherine Martin,10,A,Science,24
2022-2023,Robert George,January,Andrea Long,10,B,Science,19
2022-2023,Ryan Lyons,January,John Holmes,9,B,Science,23
2022-2023,Angela Lewis,January,Steven Harper,12,A,Science,24
2022-2023,Robert George,January,Trevor George,11,A,Science,25
2022-2023,Ryan Lyons,January,Angela Ramirez,11,A,Science,25
2022-2023,Angela Lewis,January,Melanie Everett,11,A,Science,18
2022-2023,Robert George,January,Heather Russo,11,A,Science,19
2022-2023,Ryan Lyons,January,Kenneth Chandler,9,A,Science,20
2022-2023,Angela Lewis,January,Brandon Shah,10,B,Science,18
2022-2023,Robert George,January,Matthew Gill,9,A,Science,23
2022-2023,Ryan Lyons,January,Jennifer Jones,11,A,Science,22
2022-2023,Angela Lewis,January,Kristen Montgomery,12,B,Science,21
2022-2023,Robert George,January,Matthew Kane,11,B,Science,20
2022-2023,Ryan Lyons,January,Brandy Johnson,9,A,Science,26
2022-2023,Angela Lewis,January,Lauren Chaney,9,A,Science,20
2022-2023,Robert George,January,Karen Richard,9,A,Science,25
2022-2023,Ryan Lyons,January,Dawn Clark,9,A,Science,23
2022-2023,Angela Lewis,January,Gerald Glover,10,B,Science,20
2022-2023,Robert George,January,Christopher Lowery,11,B,Science,18
2022-2023,Ryan Lyons,January,Pedro Reed,11,B,Science,22
2022-2023,Angela Lewis,January,Anne Barrera,9,A,Science,26
2022-2023,Robert George,January,Kristin Hernandez,9,A,Science,19
2022-2023,Ryan Lyons,January,Vincent Thompson,10,A,Science,21
2022-2023,Angela Lewis,January,Mary Miller,9,B,Science,20
2022-2023,Robert George,January,Christopher Hines,10,A,Science,18
2022-2023,Ryan Lyons,January,Laura Johnson,9,A,Science,21
2022-2023,Angela Lewis,January,Joseph Fisher,9,A,Science,21
2022-2023,Robert George,January,Amanda Perry,9,B,Science,25
2022-2023,Ryan Lyons,January,Aaron Clayton,11,B,Science,18
2022-2023,Angela Lewis,January,Julie Smith,12,B,Science,25
2022-2023,Robert George,January,Anne Hill,9,A,Science,23
2022-2023,Ryan Lyons,January,Misty Solis,10,A,Science,22
2022-2023,Angela Lewis,January,Carlos Drake,9,A,Science,18
2022-2023,Robert George,January,Kyle Cobb,9,B,Science,20
2022-2023,Ryan Lyons,January,Richard Jennings,11,B,Science,21
2022-2023,Angela Lewis,January,Donald Curry,11,B,Science,22
2022-2023,Robert George,January,Kathleen Decker,12,B,Science,23
2022-2023,Ryan Lyons,January,Anna Robinson,12,B,Science,18
2022-2023,Angela Lewis,January,Amy Love,9,A,Science,26
2022-2023,Robert George,January,Jennifer Ortega,9,B,Science,26
2022-2023,Ryan Lyons,January,Marvin Alvarado,12,B,Science,21
2022-2023,Angela Lewis,January,Amanda Harper,10,A,Science,23
2022-2023,Robert George,January,Jacqueline Miller,9,A,Science,26
2022-2023,Ryan Lyons,January,Matthew Smith,12,A,Science,25
2022-2023,Angela Lewis,January,Jennifer Foster,11,B,Science,21
2022-2023,Robert George,January,Christine Buchanan,9,A,Science,18
2022-2023,Ryan Lyons,January,Jose Larsen,10,B,Science,25
2022-2023,Angela Lewis,January,Mary Heath,12,A,Science,22
2022-2023,Robert George,January,Dustin Barr,11,B,Science,19
2022-2023,Ryan Lyons,January,Faith Murray,10,B,Science,21
2022-2023,Angela Lewis,January,Brian Matthews,12,B,Science,26
2022-2023,Robert George,January,Michael Heath,9,A,Science,19
2022-2023,Ryan Lyons,January,Kevin Gomez,10,B,Science,21
2022-2023,Angela Lewis,January,David Shaw,12,A,Science,22
2022-2023,Robert George,January,Tracey Black,11,A,Science,22
2022-2023,Ryan Lyons,January,Marie Santiago,12,A,Science,22
2022-2023,Angela Lewis,January,Thomas Wheeler,11,A,Science,26
2022-2023,Robert George,January,Yolanda White,11,A,Science,18
2022-2023,Ryan Lyons,January,Grace Clark,10,A,Science,25
2022-2023,Angela Lewis,January,Rebecca Williams,12,A,Science,19
2022-2023,Robert George,January,Jessica Ramsey,9,B,Science,23
2022-2023,Ryan Lyons,January,George Keller,12,A,Science,22
2022-2023,Angela Lewis,January,Tyler Cross,11,B,Science,24
2022-2023,Robert George,January,Noah Hall,9,B,Science,23
2022-2023,Ryan Lyons,January,Thomas Cervantes,11,B,Science,22
2022-2023,Angela Lewis,January,Christopher Haney,10,A,Science,25
2022-2023,Robert George,January,Jennifer Reed,10,B,Science,23
2022-2023,Ryan Lyons,January,Andre Riggs,11,A,Science,21
2022-2023,Angela Lewis,January,Angela Franklin,12,A,Science,26
2022-2023,Robert George,January,Todd Dean,12,B,Science,26
2022-2023,Ryan Lyons,January,Christine Solis,10,A,Science,21
2022-2023,Angela Lewis,January,Molly Roberts,11,B,Science,22
2022-2023,Robert George,January,Kathy Moran,12,B,Science,21
2022-2023,Ryan Lyons,January,Kimberly Trevino,11,B,Science,18
2022-2023,Angela Lewis,January,Michael Beck,12,B,Science,22
2022-2023,Robert George,January,Megan Gutierrez,12,A,Science,24
2022-2023,Ryan Lyons,January,Deborah Smith,10,B,Science,26
2022-2023,Angela Lewis,January,Andrew Mathews,12,A,Science,23
2022-2023,Robert George,January,Andrew Lee,10,B,Science,23
2022-2023,Ryan Lyons,January,Garrett Nguyen,9,A,Science,21
2022-2023,Angela Lewis,January,Mary Jordan,12,A,Science,24
2022-2023,Robert George,January,John Smith,11,B,Science,24
2022-2023,Ryan Lyons,January,Brandon Morgan,11,A,Science,26
2022-2023,Angela Lewis,January,Michael Morris,12,A,Science,21
2022-2023,Robert George,January,Troy Austin,9,B,Science,19
2022-2023,Ryan Lyons,January,Zachary Sellers,9,A,Science,24
2022-2023,Angela Lewis,January,Jasmine Jensen,11,A,Science,21
2022-2023,Robert George,January,William Wright,10,B,Science,25
2022-2023,Ryan Lyons,January,Julie Ramsey,10,B,Science,21
2022-2023,Angela Lewis,January,Samantha Arnold,11,B,Science,20
2022-2023,Robert George,January,Jonathan Garcia,11,A,Science,23
2022-2023,Ryan Lyons,January,Lori Fritz,12,A,Science,18
2022-2023,Angela Lewis,January,Joshua Shelton,11,A,Science,22
2022-2023,Robert George,January,Roger Walters,11,B,Science,24
2022-2023,Ryan Lyons,January,Jacob Campbell,9,A,Science,20
2022-2023,Angela Lewis,January,Megan Nicholson,12,B,Science,21
2022-2023,Robert George,January,Shawn Ellis,12,A,Science,23
2022-2023,Ryan Lyons,January,James Lopez,11,B,Science,25
2022-2023,Angela Lewis,January,Alexander Rubio,12,B,Science,19
2022-2023,Robert George,January,Mark Trujillo,10,A,Science,20
2022-2023,Ryan Lyons,January,Yesenia Valenzuela,11,B,Science,26
2022-2023,Angela Lewis,January,Heidi Ward,10,B,Science,24
2022-2023,Robert George,January,Tina Spencer,12,A,Science,26
2022-2023,Ryan Lyons,January,Samantha Griffith,9,B,Science,24
2022-2023,Angela Lewis,January,Teresa Romero,10,B,Science,23
2022-2023,Robert George,January,Tony Spears,12,B,Science,26
2022-2023,Ryan Lyons,January,Breanna Glass,12,A,Science,25
2022-2023,Angela Lewis,January,Julia Young,9,A,Science,24
2022-2023,Robert George,January,Linda Fritz,12,B,Science,25
2022-2023,Ryan Lyons,January,Karen Nunez,9,B,Science,25
2022-2023,Angela Lewis,January,Erin Mclean,10,B,Science,18
2022-2023,Robert George,January,Laura Baird,10,A,Science,19
2022-2023,Ryan Lyons,January,Michele Velazquez,11,B,Science,23
2022-2023,Angela Lewis,January,Jessica Jordan,11,B,Science,22
2022-2023,Robert George,January,Taylor Marshall,12,A,Science,24
2022-2023,Ryan Lyons,January,Raymond Berry,10,B,Science,20
2022-2023,Angela Lewis,January,Joel Bautista,9,B,Science,24
2022-2023,Robert George,January,Lori Black,9,A,Science,22
2022-2023,Ryan Lyons,January,Dennis Harris,10,A,Science,22
2022-2023,Angela Lewis,January,Angelica Cox,11,A,Science,21
2022-2023,Robert George,January,Keith Patel,12,A,Science,20
2022-2023,Ryan Lyons,January,Bruce Hall,11,A,Science,20
2022-2023,Angela Lewis,January,Andrea Graham,12,B,Science,21
2022-2023,Robert George,January,Daniel Walker,10,A,Science,22
2022-2023,Ryan Lyons,January,Emily Phillips,12,B,Science,25
2022-2023,Angela Lewis,January,Patrick Jimenez,10,B,Science,20
2022-2023,Robert George,January,Alexander Owens,12,B,Science,21
2022-2023,Ryan Lyons,January,Nicholas Harris,9,A,Science,26
2022-2023,Angela Lewis,January,Randy Alexander,11,A,Science,25
2022-2023,Robert George,January,Luke Morrow,10,B,Science,23
2022-2023,Ryan Lyons,January,Heather Davis,12,A,Science,26
2022-2023,Angela Lewis,January,Gerald Evans,10,B,Science,24
2022-2023,Robert George,January,Stephen Parsons,12,B,Science,19
2022-2023,Ryan Lyons,January,Nicole Bryant,12,A,Science,19
2022-2023,Angela Lewis,January,Lucas Mendoza,11,B,Science,21
2022-2023,Robert George,January,Janet Garcia,10,B,Science,20
2022-2023,Ryan Lyons,January,Christopher Molina,11,B,Science,20
2022-2023,Angela Lewis,January,Randy Patel,10,A,Science,25
2022-2023,Robert George,January,David Miller,12,B,Science,20
2022-2023,Ryan Lyons,January,Julie Dawson,12,B,Science,24
2022-2023,Angela Lewis,January,Robin Jenkins,9,B,Science,25
2022-2023,Robert George,January,Krista Davis,10,A,Science,26
2022-2023,Ryan Lyons,January,Melissa Porter,9,B,Science,24
2022-2023,Angela Lewis,January,Jodi Pope,11,A,Science,19
2022-2023,Robert George,January,Christopher Deleon,10,A,Science,19
2022-2023,Ryan Lyons,January,Shelly Warren,11,B,Science,19
2022-2023,Angela Lewis,January,Elizabeth Hall,11,B,Science,26
2022-2023,Robert George,January,Gary Hill,11,A,Science,23
2022-2023,Ryan Lyons,January,Glen Lin,9,A,Science,25
2022-2023,Angela Lewis,January,Tiffany Hansen,9,B,Science,24
2022-2023,Robert George,January,Erin Pierce,10,B,Science,18
2022-2023,Ryan Lyons,January,Christopher Hunter,10,B,Science,18
2022-2023,Angela Lewis,January,Mary Murray,10,B,Science,22
2022-2023,Robert George,January,Joshua Kemp,11,B,Science,18
2022-2023,Ryan Lyons,January,Denise Moss,12,A,Science,25
2022-2023,Angela Lewis,January,Miranda Harris,11,A,Science,22
2022-2023,Robert George,January,Jeffrey Whitney,11,B,Science,26
2022-2023,Ryan Lyons,January,Melissa Gonzalez,9,A,Science,22
2022-2023,Angela Lewis,January,Victoria Williams,12,A,Science,22
2022-2023,Robert George,January,Megan Dillon,12,A,Science,23
2022-2023,Ryan Lyons,January,James Martinez,10,A,Science,20
2022-2023,Angela Lewis,January,Mallory Salazar,11,B,Science,19
2022-2023,Robert George,January,David Jacobs,10,B,Science,18
2022-2023,Ryan Lyons,January,Kristen Price,9,A,Science,26
2022-2023,Angela Lewis,January,Ronald Hayes,9,A,Science,20
2022-2023,Robert George,January,Briana Sexton,9,B,Science,19
2022-2023,Ryan Lyons,January,Jacob George,11,B,Science,24
2022-2023,Angela Lewis,January,Jeffery Reid,12,B,Science,20
2022-2023,Robert George,January,Julia Scott,12,A,Science,25
2022-2023,Ryan Lyons,January,Ryan Chapman,12,A,Science,24
2022-2023,Angela Lewis,January,Denise Walsh,11,B,Science,21
2022-2023,Robert George,January,Ricardo Robinson,12,B,Science,23
2022-2023,Ryan Lyons,January,Kristen Frost,11,A,Science,18
2022-2023,Angela Lewis,January,Micheal Wong,11,A,Science,26
2022-2023,Robert George,January,Dana Riggs,11,B,Science,22
2022-2023,Ryan Lyons,January,Jennifer Murray,11,B,Science,26
2022-2023,Angela Lewis,January,Michael Smith,11,A,Science,18
2022-2023,Robert George,January,Vanessa Odom,11,A,Science,25
2022-2023,Ryan Lyons,January,Elizabeth Owens,11,A,Science,21
2022-2023,Angela Lewis,January,Pamela Reed,12,A,Science,18
2022-2023,Robert George,January,Lisa Wilson,9,A,Science,19
2022-2023,Ryan Lyons,January,Jeremy Johnson,11,A,Science,22
2022-2023,Angela Lewis,January,Deborah Carter,11,B,Science,22
2022-2023,Robert George,January,Melissa Johnson,12,A,Science,23
2022-2023,Ryan Lyons,January,Matthew Townsend,10,A,Science,23
2022-2023,Angela Lewis,January,Mary Hendricks,10,B,Science,20
2022-2023,Robert George,January,Jennifer Gardner,9,B,Science,21
2022-2023,Ryan Lyons,January,Christopher Bright,11,A,Science,20
2022-2023,Angela Lewis,January,Laurie Marshall,10,A,Science,23
2022-2023,Robert George,January,Travis Gallagher,9,A,Science,26
2022-2023,Ryan Lyons,January,John Rowe,12,A,Science,18
2022-2023,Angela Lewis,January,Christy Campbell,11,B,Science,26
2022-2023,Robert George,January,Cynthia Schneider,10,B,Science,24
2022-2023,Ryan Lyons,January,Lee Castillo,11,B,Science,24
2022-2023,Angela Lewis,January,Ryan Brady,10,A,Science,20
2022-2023,Robert George,January,John Anderson,9,A,Science,23
2022-2023,Ryan Lyons,January,Marcus Wilson,12,A,Science,19
2022-2023,Angela Lewis,January,Alyssa Parker,10,B,Science,20
2022-2023,Robert George,January,Kaitlyn Morales,9,A,Science,19
2022-2023,Ryan Lyons,January,Glenn Meyers,10,A,Science,24
2022-2023,Angela Lewis,January,Chelsea Allen,11,A,Science,18
2022-2023,Robert George,January,Mary Young,11,B,Science,26
2022-2023,Ryan Lyons,January,Laura Walker,12,B,Science,23
2022-2023,Angela Lewis,January,Edward Smith,12,B,Science,23
2022-2023,Robert George,January,Jessica Gray,11,A,Science,21
2022-2023,Ryan Lyons,January,Seth Smith,9,A,Science,18
2022-2023,Angela Lewis,January,Amanda Caldwell,9,A,Science,22
2022-2023,Robert George,January,Christine Clark,9,B,Science,24
2022-2023,Ryan Lyons,January,Shawn Daugherty,10,B,Science,23
2022-2023,Angela Lewis,January,Brandi Moore,12,B,Science,26
2022-2023,Robert George,January,Martin Gillespie,9,B,Science,23
2022-2023,Ryan Lyons,January,Steven Wallace,12,B,Science,20
2022-2023,Angela Lewis,January,Michael Payne,12,A,Science,21
2022-2023,Robert George,January,Jessica Russell,12,B,Science,24
2022-2023,Ryan Lyons,January,Steven Kemp,11,B,Science,26
2022-2023,Angela Lewis,January,Holly Davis,9,A,Science,26
2022-2023,Robert George,January,William Gates,9,A,Science,20
2022-2023,Ryan Lyons,January,Randy King,10,A,Science,25
2022-2023,Angela Lewis,January,Paul Martinez,12,B,Science,20
2022-2023,Robert George,January,Amy Craig,11,A,Science,18
2022-2023,Ryan Lyons,January,Shelly Smith,11,B,Science,24
2022-2023,Angela Lewis,January,Kristin Roberts,12,A,Science,25
2022-2023,Robert George,January,Margaret Jefferson,9,B,Science,23
2022-2023,Ryan Lyons,January,Tammie Rodriguez,9,B,Science,20
2022-2023,Angela Lewis,January,John Burton,10,B,Science,26
2022-2023,Robert George,January,James Miller,9,A,Science,21
2022-2023,Ryan Lyons,January,Erica Campbell,10,B,Science,18
2022-2023,Angela Lewis,January,Kevin Holmes,9,A,Science,24
2022-2023,Robert George,January,Christina Robertson,12,A,Science,21
2022-2023,Ryan Lyons,January,Janet Wilkins,10,A,Science,18
2022-2023,Angela Lewis,January,Thomas Robinson,9,A,Science,24
2022-2023,Robert George,January,Amy Thomas,9,A,Science,23
2022-2023,Ryan Lyons,January,Richard Mitchell,12,A,Science,26
2022-2023,Angela Lewis,January,Jason Taylor,10,B,Science,24
2022-2023,Robert George,January,Amy Craig,12,B,Science,18
2022-2023,Robert Green,January,Cynthia Castaneda,11,A,History,25
2022-2023,Tracy Green,January,Greg Green,12,B,History,20
2022-2023,Timothy Smith,January,Thomas Key,12,A,History,23
2022-2023,Robert Green,January,Joshua Watkins,12,B,History,21
2022-2023,Tracy Green,January,Jonathan Evans,9,B,History,18
2022-2023,Timothy Smith,January,Krista Evans,9,B,History,23
2022-2023,Robert Green,January,Regina Rose,12,A,History,25
2022-2023,Tracy Green,January,Brittany Robbins,9,B,History,19
2022-2023,Timothy Smith,January,Ryan Jackson,12,A,History,24
2022-2023,Robert Green,January,Bridget Flores,11,A,History,20
2022-2023,Tracy Green,January,Brittany Ramirez,10,B,History,25
2022-2023,Timothy Smith,January,Jennifer Johnson,12,A,History,26
2022-2023,Robert Green,January,Lisa Nelson,12,B,History,24
2022-2023,Tracy Green,January,Bryan Doyle,10,B,History,23
2022-2023,Timothy Smith,January,Cindy Stevens,10,B,History,26
2022-2023,Robert Green,January,James Martin,12,B,History,19
2022-2023,Tracy Green,January,George Durham,10,A,History,20
2022-2023,Timothy Smith,January,Stephanie Rogers,11,B,History,21
2022-2023,Robert Green,January,Jenna Turner,9,A,History,26
2022-2023,Tracy Green,January,Elizabeth Chapman,9,B,History,23
2022-2023,Timothy Smith,January,Jennifer Washington,9,A,History,25
2022-2023,Robert Green,January,Theresa Clark,10,A,History,24
2022-2023,Tracy Green,January,Timothy Hartman,9,B,History,21
2022-2023,Timothy Smith,January,Cameron Martinez,10,A,History,22
2022-2023,Robert Green,January,Matthew Fernandez,12,A,History,19
2022-2023,Tracy Green,January,Douglas Thompson,10,B,History,26
2022-2023,Timothy Smith,January,Christian Clark,10,A,History,26
2022-2023,Robert Green,January,Sonia Morrow,9,A,History,19
2022-2023,Tracy Green,January,Kaitlyn Simmons,9,B,History,23
2022-2023,Timothy Smith,January,Sharon Lee,12,B,History,23
2022-2023,Robert Green,January,Jennifer Gonzales,10,B,History,23
2022-2023,Tracy Green,January,Isabel Adkins,10,A,History,21
2022-2023,Timothy Smith,January,Tracey Prince,9,A,History,21
2022-2023,Robert Green,January,Samuel Smith,11,A,History,20
2022-2023,Tracy Green,January,Nicole Johnson,11,B,History,23
2022-2023,Timothy Smith,January,Kathleen Acevedo,12,A,History,23
2022-2023,Robert Green,January,Alejandro Lucas,10,B,History,25
2022-2023,Tracy Green,January,Cynthia Myers,12,A,History,26
2022-2023,Timothy Smith,January,Maria Larson,9,B,History,22
2022-2023,Robert Green,January,Russell Richardson,9,B,History,18
2022-2023,Tracy Green,January,Brittany Edwards,11,A,History,21
2022-2023,Timothy Smith,January,Michele Hall,9,B,History,20
2022-2023,Robert Green,January,Sarah Terry,11,B,History,18
2022-2023,Tracy Green,January,Sean Mejia,10,A,History,22
2022-2023,Timothy Smith,January,Angela Morgan,10,B,History,24
2022-2023,Robert Green,January,Sally Mendez,10,B,History,18
2022-2023,Tracy Green,January,Brandon Wallace,9,B,History,19
2022-2023,Timothy Smith,January,Scott Griffith,9,A,History,20
2022-2023,Robert Green,January,Jennifer Miles,10,A,History,24
2022-2023,Tracy Green,January,Meghan Mills,10,B,History,26
2022-2023,Timothy Smith,January,Robert Robinson,11,B,History,23
2022-2023,Robert Green,January,Tara Lowe,10,B,History,20
2022-2023,Tracy Green,January,Angela Perez,10,A,History,25
2022-2023,Timothy Smith,January,Andrew Cruz,9,B,History,23
2022-2023,Robert Green,January,Sierra Cantu,11,B,History,19
2022-2023,Tracy Green,January,Julie Townsend,12,A,History,24
2022-2023,Timothy Smith,January,Amanda Bishop,10,B,History,20
2022-2023,Robert Green,January,Sabrina Cruz,9,B,History,20
2022-2023,Tracy Green,January,Rhonda Reyes,10,A,History,26
2022-2023,Timothy Smith,January,Jennifer Wilson,11,A,History,21
2022-2023,Robert Green,January,Sandra Schmidt,10,A,History,25
2022-2023,Tracy Green,January,Heather Davis,11,A,History,21
2022-2023,Timothy Smith,January,Louis Jacobson,12,A,History,19
2022-2023,Robert Green,January,Christopher Lopez,12,B,History,22
2022-2023,Tracy Green,January,Lauren Lopez,10,A,History,24
2022-2023,Timothy Smith,January,Sandra Olson,12,B,History,21
2022-2023,Robert Green,January,William Simon,9,B,History,26
2022-2023,Tracy Green,January,Jessica Hicks,10,B,History,26
2022-2023,Timothy Smith,January,Michael Garcia,10,A,History,22
2022-2023,Robert Green,January,Katherine Carroll,10,A,History,23
2022-2023,Tracy Green,January,Johnathan Turner,9,B,History,20
2022-2023,Timothy Smith,January,Robert Johnson,12,A,History,21
2022-2023,Robert Green,January,Christina Stone,11,B,History,25
2022-2023,Tracy Green,January,Charles Hess,12,B,History,23
2022-2023,Timothy Smith,January,James Lucas,9,A,History,18
2022-2023,Robert Green,January,Alexandra Hardy,9,B,History,20
2022-2023,Tracy Green,January,David Powell,12,B,History,23
2022-2023,Timothy Smith,January,Thomas Rogers,11,B,History,21
2022-2023,Robert Green,January,Jenna Robertson,10,A,History,18
2022-2023,Tracy Green,January,Lauren Smith,12,B,History,23
2022-2023,Timothy Smith,January,Andrew Flores,10,B,History,25
2022-2023,Robert Green,January,Shannon Murphy,10,B,History,22
2022-2023,Tracy Green,January,Christopher Li,10,A,History,22
2022-2023,Timothy Smith,January,Amber Nelson,9,B,History,21
2022-2023,Robert Green,January,Teresa Mercado,11,A,History,21
2022-2023,Tracy Green,January,Paul Cross,11,A,History,26
2022-2023,Timothy Smith,January,Laura Butler,12,B,History,22
2022-2023,Robert Green,January,Jennifer Ferguson,12,B,History,21
2022-2023,Tracy Green,January,Cindy Dixon,9,A,History,25
2022-2023,Timothy Smith,January,Angelica Wells,12,A,History,26
2022-2023,Robert Green,January,Corey Kidd,11,B,History,18
2022-2023,Tracy Green,January,Christopher Rosales,10,B,History,21
2022-2023,Timothy Smith,January,Kent Cunningham,11,B,History,19
2022-2023,Robert Green,January,Joseph Welch,12,B,History,22
2022-2023,Tracy Green,January,Nathan Barton,11,B,History,19
2022-2023,Timothy Smith,January,Mark Carr,10,A,History,22
2022-2023,Robert Green,January,Lindsey Rodgers,9,A,History,19
2022-2023,Tracy Green,January,Tina Nelson,11,B,History,23
2022-2023,Timothy Smith,January,Jonathan Turner,9,A,History,24
2022-2023,Robert Green,January,Carolyn Rice,12,A,History,19
2022-2023,Tracy Green,January,Scott Suarez,11,A,History,22
2022-2023,Timothy Smith,January,Melissa Olson,9,A,History,22
2022-2023,Robert Green,January,Joshua Nguyen,10,B,History,25
2022-2023,Tracy Green,January,Kelly Petersen,12,B,History,26
2022-2023,Timothy Smith,January,Megan Lyons,11,A,History,21
2022-2023,Robert Green,January,James Morgan,10,A,History,21
2022-2023,Tracy Green,January,Darren Weber,12,B,History,22
2022-2023,Timothy Smith,January,Rebecca Leblanc,10,B,History,26
2022-2023,Robert Green,January,Hannah Marshall,10,B,History,23
2022-2023,Tracy Green,January,Steven Garcia,9,A,History,24
2022-2023,Timothy Smith,January,Bryan Miller,11,A,History,18
2022-2023,Robert Green,January,Brett Perez,10,B,History,21
2022-2023,Tracy Green,January,Vincent Green,9,B,History,24
2022-2023,Timothy Smith,January,Shawn Johnson,9,A,History,26
2022-2023,Robert Green,January,Katherine Martin,10,A,History,24
2022-2023,Tracy Green,January,Andrea Long,10,B,History,19
2022-2023,Timothy Smith,January,John Holmes,9,B,History,23
2022-2023,Robert Green,January,Steven Harper,12,A,History,24
2022-2023,Tracy Green,January,Trevor George,11,A,History,25
2022-2023,Timothy Smith,January,Angela Ramirez,11,A,History,25
2022-2023,Robert Green,January,Melanie Everett,11,A,History,18
2022-2023,Tracy Green,January,Heather Russo,11,A,History,19
2022-2023,Timothy Smith,January,Kenneth Chandler,9,A,History,20
2022-2023,Robert Green,January,Brandon Shah,10,B,History,18
2022-2023,Tracy Green,January,Matthew Gill,9,A,History,23
2022-2023,Timothy Smith,January,Jennifer Jones,11,A,History,22
2022-2023,Robert Green,January,Kristen Montgomery,12,B,History,21
2022-2023,Tracy Green,January,Matthew Kane,11,B,History,20
2022-2023,Timothy Smith,January,Brandy Johnson,9,A,History,26
2022-2023,Robert Green,January,Lauren Chaney,9,A,History,20
2022-2023,Tracy Green,January,Karen Richard,9,A,History,25
2022-2023,Timothy Smith,January,Dawn Clark,9,A,History,23
2022-2023,Robert Green,January,Gerald Glover,10,B,History,20
2022-2023,Tracy Green,January,Christopher Lowery,11,B,History,18
2022-2023,Timothy Smith,January,Pedro Reed,11,B,History,22
2022-2023,Robert Green,January,Anne Barrera,9,A,History,26
2022-2023,Tracy Green,January,Kristin Hernandez,9,A,History,19
2022-2023,Timothy Smith,January,Vincent Thompson,10,A,History,21
2022-2023,Robert Green,January,Mary Miller,9,B,History,20
2022-2023,Tracy Green,January,Christopher Hines,10,A,History,18
2022-2023,Timothy Smith,January,Laura Johnson,9,A,History,21
2022-2023,Robert Green,January,Joseph Fisher,9,A,History,21
2022-2023,Tracy Green,January,Amanda Perry,9,B,History,25
2022-2023,Timothy Smith,January,Aaron Clayton,11,B,History,18
2022-2023,Robert Green,January,Julie Smith,12,B,History,25
2022-2023,Tracy Green,January,Anne Hill,9,A,History,23
2022-2023,Timothy Smith,January,Misty Solis,10,A,History,22
2022-2023,Robert Green,January,Carlos Drake,9,A,History,18
2022-2023,Tracy Green,January,Kyle Cobb,9,B,History,20
2022-2023,Timothy Smith,January,Richard Jennings,11,B,History,21
2022-2023,Robert Green,January,Donald Curry,11,B,History,22
2022-2023,Tracy Green,January,Kathleen Decker,12,B,History,23
2022-2023,Timothy Smith,January,Anna Robinson,12,B,History,18
2022-2023,Robert Green,January,Amy Love,9,A,History,26
2022-2023,Tracy Green,January,Jennifer Ortega,9,B,History,26
2022-2023,Timothy Smith,January,Marvin Alvarado,12,B,History,21
2022-2023,Robert Green,January,Amanda Harper,10,A,History,23
2022-2023,Tracy Green,January,Jacqueline Miller,9,A,History,26
2022-2023,Timothy Smith,January,Matthew Smith,12,A,History,25
2022-2023,Robert Green,January,Jennifer Foster,11,B,History,21
2022-2023,Tracy Green,January,Christine Buchanan,9,A,History,18
2022-2023,Timothy Smith,January,Jose Larsen,10,B,History,25
2022-2023,Robert Green,January,Mary Heath,12,A,History,22
2022-2023,Tracy Green,January,Dustin Barr,11,B,History,19
2022-2023,Timothy Smith,January,Faith Murray,10,B,History,21
2022-2023,Robert Green,January,Brian Matthews,12,B,History,26
2022-2023,Tracy Green,January,Michael Heath,9,A,History,19
2022-2023,Timothy Smith,January,Kevin Gomez,10,B,History,21
2022-2023,Robert Green,January,David Shaw,12,A,History,22
2022-2023,Tracy Green,January,Tracey Black,11,A,History,22
2022-2023,Timothy Smith,January,Marie Santiago,12,A,History,22
2022-2023,Robert Green,January,Thomas Wheeler,11,A,History,26
2022-2023,Tracy Green,January,Yolanda White,11,A,History,18
2022-2023,Timothy Smith,January,Grace Clark,10,A,History,25
2022-2023,Robert Green,January,Rebecca Williams,12,A,History,19
2022-2023,Tracy Green,January,Jessica Ramsey,9,B,History,23
2022-2023,Timothy Smith,January,George Keller,12,A,History,22
2022-2023,Robert Green,January,Tyler Cross,11,B,History,24
2022-2023,Tracy Green,January,Noah Hall,9,B,History,23
2022-2023,Timothy Smith,January,Thomas Cervantes,11,B,History,22
2022-2023,Robert Green,January,Christopher Haney,10,A,History,25
2022-2023,Tracy Green,January,Jennifer Reed,10,B,History,23
2022-2023,Timothy Smith,January,Andre Riggs,11,A,History,21
2022-2023,Robert Green,January,Angela Franklin,12,A,History,26
2022-2023,Tracy Green,January,Todd Dean,12,B,History,26
2022-2023,Timothy Smith,January,Christine Solis,10,A,History,21
2022-2023,Robert Green,January,Molly Roberts,11,B,History,22
2022-2023,Tracy Green,January,Kathy Moran,12,B,History,21
2022-2023,Timothy Smith,January,Kimberly Trevino,11,B,History,18
2022-2023,Robert Green,January,Michael Beck,12,B,History,22
2022-2023,Tracy Green,January,Megan Gutierrez,12,A,History,24
2022-2023,Timothy Smith,January,Deborah Smith,10,B,History,26
2022-2023,Robert Green,January,Andrew Mathews,12,A,History,23
2022-2023,Tracy Green,January,Andrew Lee,10,B,History,23
2022-2023,Timothy Smith,January,Garrett Nguyen,9,A,History,21
2022-2023,Robert Green,January,Mary Jordan,12,A,History,24
2022-2023,Tracy Green,January,John Smith,11,B,History,24
2022-2023,Timothy Smith,January,Brandon Morgan,11,A,History,26
2022-2023,Robert Green,January,Michael Morris,12,A,History,21
2022-2023,Tracy Green,January,Troy Austin,9,B,History,19
2022-2023,Timothy Smith,January,Zachary Sellers,9,A,History,24
2022-2023,Robert Green,January,Jasmine Jensen,11,A,History,21
2022-2023,Tracy Green,January,William Wright,10,B,History,25
2022-2023,Timothy Smith,January,Julie Ramsey,10,B,History,21
2022-2023,Robert Green,January,Samantha Arnold,11,B,History,20
2022-2023,Tracy Green,January,Jonathan Garcia,11,A,History,23
2022-2023,Timothy Smith,January,Lori Fritz,12,A,History,18
2022-2023,Robert Green,January,Joshua Shelton,11,A,History,22
2022-2023,Tracy Green,January,Roger Walters,11,B,History,24
2022-2023,Timothy Smith,January,Jacob Campbell,9,A,History,20
2022-2023,Robert Green,January,Megan Nicholson,12,B,History,21
2022-2023,Tracy Green,January,Shawn Ellis,12,A,History,23
2022-2023,Timothy Smith,January,James Lopez,11,B,History,25
2022-2023,Robert Green,January,Alexander Rubio,12,B,History,19
2022-2023,Tracy Green,January,Mark Trujillo,10,A,History,20
2022-2023,Timothy Smith,January,Yesenia Valenzuela,11,B,History,26
2022-2023,Robert Green,January,Heidi Ward,10,B,History,24
2022-2023,Tracy Green,January,Tina Spencer,12,A,History,26
2022-2023,Timothy Smith,January,Samantha Griffith,9,B,History,24
2022-2023,Robert Green,January,Teresa Romero,10,B,History,23
2022-2023,Tracy Green,January,Tony Spears,12,B,History,26
2022-2023,Timothy Smith,January,Breanna Glass,12,A,History,25
2022-2023,Robert Green,January,Julia Young,9,A,History,24
2022-2023,Tracy Green,January,Linda Fritz,12,B,History,25
2022-2023,Timothy Smith,January,Karen Nunez,9,B,History,25
2022-2023,Robert Green,January,Erin Mclean,10,B,History,18
2022-2023,Tracy Green,January,Laura Baird,10,A,History,19
2022-2023,Timothy Smith,January,Michele Velazquez,11,B,History,23
2022-2023,Robert Green,January,Jessica Jordan,11,B,History,22
2022-2023,Tracy Green,January,Taylor Marshall,12,A,History,24
2022-2023,Timothy Smith,January,Raymond Berry,10,B,History,20
2022-2023,Robert Green,January,Joel Bautista,9,B,History,24
2022-2023,Tracy Green,January,Lori Black,9,A,History,22
2022-2023,Timothy Smith,January,Dennis Harris,10,A,History,22
2022-2023,Robert Green,January,Angelica Cox,11,A,History,21
2022-2023,Tracy Green,January,Keith Patel,12,A,History,20
2022-2023,Timothy Smith,January,Bruce Hall,11,A,History,20
2022-2023,Robert Green,January,Andrea Graham,12,B,History,21
2022-2023,Tracy Green,January,Daniel Walker,10,A,History,22
2022-2023,Timothy Smith,January,Emily Phillips,12,B,History,25
2022-2023,Robert Green,January,Patrick Jimenez,10,B,History,20
2022-2023,Tracy Green,January,Alexander Owens,12,B,History,21
2022-2023,Timothy Smith,January,Nicholas Harris,9,A,History,26
2022-2023,Robert Green,January,Randy Alexander,11,A,History,25
2022-2023,Tracy Green,January,Luke Morrow,10,B,History,23
2022-2023,Timothy Smith,January,Heather Davis,12,A,History,26
2022-2023,Robert Green,January,Gerald Evans,10,B,History,24
2022-2023,Tracy Green,January,Stephen Parsons,12,B,History,19
2022-2023,Timothy Smith,January,Nicole Bryant,12,A,History,19
2022-2023,Robert Green,January,Lucas Mendoza,11,B,History,21
2022-2023,Tracy Green,January,Janet Garcia,10,B,History,20
2022-2023,Timothy Smith,January,Christopher Molina,11,B,History,20
2022-2023,Robert Green,January,Randy Patel,10,A,History,25
2022-2023,Tracy Green,January,David Miller,12,B,History,20
2022-2023,Timothy Smith,January,Julie Dawson,12,B,History,24
2022-2023,Robert Green,January,Robin Jenkins,9,B,History,25
2022-2023,Tracy Green,January,Krista Davis,10,A,History,26
2022-2023,Timothy Smith,January,Melissa Porter,9,B,History,24
2022-2023,Robert Green,January,Jodi Pope,11,A,History,19
2022-2023,Tracy Green,January,Christopher Deleon,10,A,History,19
2022-2023,Timothy Smith,January,Shelly Warren,11,B,History,19
2022-2023,Robert Green,January,Elizabeth Hall,11,B,History,26
2022-2023,Tracy Green,January,Gary Hill,11,A,History,23
2022-2023,Timothy Smith,January,Glen Lin,9,A,History,25
2022-2023,Robert Green,January,Tiffany Hansen,9,B,History,24
2022-2023,Tracy Green,January,Erin Pierce,10,B,History,18
2022-2023,Timothy Smith,January,Christopher Hunter,10,B,History,18
2022-2023,Robert Green,January,Mary Murray,10,B,History,22
2022-2023,Tracy Green,January,Joshua Kemp,11,B,History,18
2022-2023,Timothy Smith,January,Denise Moss,12,A,History,25
2022-2023,Robert Green,January,Miranda Harris,11,A,History,22
2022-2023,Tracy Green,January,Jeffrey Whitney,11,B,History,26
2022-2023,Timothy Smith,January,Melissa Gonzalez,9,A,History,22
2022-2023,Robert Green,January,Victoria Williams,12,A,History,22
2022-2023,Tracy Green,January,Megan Dillon,12,A,History,23
2022-2023,Timothy Smith,January,James Martinez,10,A,History,20
2022-2023,Robert Green,January,Mallory Salazar,11,B,History,19
2022-2023,Tracy Green,January,David Jacobs,10,B,History,18
2022-2023,Timothy Smith,January,Kristen Price,9,A,History,26
2022-2023,Robert Green,January,Ronald Hayes,9,A,History,20
2022-2023,Tracy Green,January,Briana Sexton,9,B,History,19
2022-2023,Timothy Smith,January,Jacob George,11,B,History,24
2022-2023,Robert Green,January,Jeffery Reid,12,B,History,20
2022-2023,Tracy Green,January,Julia Scott,12,A,History,25
2022-2023,Timothy Smith,January,Ryan Chapman,12,A,History,24
2022-2023,Robert Green,January,Denise Walsh,11,B,History,21
2022-2023,Tracy Green,January,Ricardo Robinson,12,B,History,23
2022-2023,Timothy Smith,January,Kristen Frost,11,A,History,18
2022-2023,Robert Green,January,Micheal Wong,11,A,History,26
2022-2023,Tracy Green,January,Dana Riggs,11,B,History,22
2022-2023,Timothy Smith,January,Jennifer Murray,11,B,History,26
2022-2023,Robert Green,January,Michael Smith,11,A,History,18
2022-2023,Tracy Green,January,Vanessa Odom,11,A,History,25
2022-2023,Timothy Smith,January,Elizabeth Owens,11,A,History,21
2022-2023,Robert Green,January,Pamela Reed,12,A,History,18
2022-2023,Tracy Green,January,Lisa Wilson,9,A,History,19
2022-2023,Timothy Smith,January,Jeremy Johnson,11,A,History,22
2022-2023,Robert Green,January,Deborah Carter,11,B,History,22
2022-2023,Tracy Green,January,Melissa Johnson,12,A,History,23
2022-2023,Timothy Smith,January,Matthew Townsend,10,A,History,23
2022-2023,Robert Green,January,Mary Hendricks,10,B,History,20
2022-2023,Tracy Green,January,Jennifer Gardner,9,B,History,21
2022-2023,Timothy Smith,January,Christopher Bright,11,A,History,20
2022-2023,Robert Green,January,Laurie Marshall,10,A,History,23
2022-2023,Tracy Green,January,Travis Gallagher,9,A,History,26
2022-2023,Timothy Smith,January,John Rowe,12,A,History,18
2022-2023,Robert Green,January,Christy Campbell,11,B,History,26
2022-2023,Tracy Green,January,Cynthia Schneider,10,B,History,24
2022-2023,Timothy Smith,January,Lee Castillo,11,B,History,24
2022-2023,Robert Green,January,Ryan Brady,10,A,History,20
2022-2023,Tracy Green,January,John Anderson,9,A,History,23
2022-2023,Timothy Smith,January,Marcus Wilson,12,A,History,19
2022-2023,Robert Green,January,Alyssa Parker,10,B,History,20
2022-2023,Tracy Green,January,Kaitlyn Morales,9,A,History,19
2022-2023,Timothy Smith,January,Glenn Meyers,10,A,History,24
2022-2023,Robert Green,January,Chelsea Allen,11,A,History,18
2022-2023,Tracy Green,January,Mary Young,11,B,History,26
2022-2023,Timothy Smith,January,Laura Walker,12,B,History,23
2022-2023,Robert Green,January,Edward Smith,12,B,History,23
2022-2023,Tracy Green,January,Jessica Gray,11,A,History,21
2022-2023,Timothy Smith,January,Seth Smith,9,A,History,18
2022-2023,Robert Green,January,Amanda Caldwell,9,A,History,22
2022-2023,Tracy Green,January,Christine Clark,9,B,History,24
2022-2023,Timothy Smith,January,Shawn Daugherty,10,B,History,23
2022-2023,Robert Green,January,Brandi Moore,12,B,History,26
2022-2023,Tracy Green,January,Martin Gillespie,9,B,History,23
2022-2023,Timothy Smith,January,Steven Wallace,12,B,History,20
2022-2023,Robert Green,January,Michael Payne,12,A,History,21
2022-2023,Tracy Green,January,Jessica Russell,12,B,History,24
2022-2023,Timothy Smith,January,Steven Kemp,11,B,History,26
2022-2023,Robert Green,January,Holly Davis,9,A,History,26
2022-2023,Tracy Green,January,William Gates,9,A,History,20
2022-2023,Timothy Smith,January,Randy King,10,A,History,25
2022-2023,Robert Green,January,Paul Martinez,12,B,History,20
2022-2023,Tracy Green,January,Amy Craig,11,A,History,18
2022-2023,Timothy Smith,January,Shelly Smith,11,B,History,24
2022-2023,Robert Green,January,Kristin Roberts,12,A,History,25
2022-2023,Tracy Green,January,Margaret Jefferson,9,B,History,23
2022-2023,Timothy Smith,January,Tammie Rodriguez,9,B,History,20
2022-2023,Robert Green,January,John Burton,10,B,History,26
2022-2023,Tracy Green,January,James Miller,9,A,History,21
2022-2023,Timothy Smith,January,Erica Campbell,10,B,History,18
2022-2023,Robert Green,January,Kevin Holmes,9,A,History,24
2022-2023,Tracy Green,January,Christina Robertson,12,A,History,21
2022-2023,Timothy Smith,January,Janet Wilkins,10,A,History,18
2022-2023,Robert Green,January,Thomas Robinson,9,A,History,24
2022-2023,Tracy Green,January,Amy Thomas,9,A,History,23
2022-2023,Timothy Smith,January,Richard Mitchell,12,A,History,26
2022-2023,Robert Green,January,Jason Taylor,10,B,History,24
2022-2023,Tracy Green,January,Amy Craig,12,B,History,18
