Student ID,FirstName,MiddleName,LastName,Gender,DateOfBirth,Father'sName,Mother'sName,Father'sDateOfBirth,AddressLine1,AddressLine2,PinCode,PoliceStation,District,State,Father'sOccupation,Mother'sOccupation,Father'sPhone,Mother'sPhone,EmergencyContact,YearOfAdmission,ClassOfAdmission,YearOfTransfer,ClassOfTransfer
10001,Cynthia,Timothy,Castaneda,Male,04-02-2005,Timothy,Paula,20-10-1975,2314 Amy Pass Suite 440,,30927,,Los Angeles,Montana,Lawyer,Pharmacist,14886335553,15379227083,11662146447,2020,9,2021,10
10002,Greg,Daniel,Green,Male,29-04-2004,Daniel,Sarah,24-06-1978,9182 Hudson Drive,,54716,,Los Angeles,Wisconsin,Teacher,Real Estate Agent,13305124195,17107788680,17878499000,2021,10,2022,11
10003,Thomas,Jesse,Key,Female,22-08-2005,Jesse,Jennifer,31-08-1983,"PSC 1348, Box 3221",,74120,,Boston,Minnesota,Photographer,Police Officer,14794724995,16458523756,14495943212,2023,11,2024,12
10004,Joshua,William,Watkins,Male,24-02-2005,William,Leslie,25-10-1978,121 Austin Creek,,65544,,San Jose,Hawaii,Interior Designer,Event Planner,17933512325,15452451921,11267652733,2022,11,2023,12
10005,Jonathan,Nicholas,Evans,Male,11-11-2005,Nicholas,Jennifer,17-11-1976,6946 Angela Via,,56141,,Miami,New Hampshire,Pharmacist,Real Estate Agent,15379947754,16615598772,19341546065,2022,10,2023,11
10006,Krista,Dale,Evans,Female,17-03-2005,Dale,Shelia,06-02-1975,2302 Frederick Cliff Apt. 458,,71755,,Charlotte,Arkansas,Banker,Event Planner,12451779836,19332142444,14501535719,2023,9,2024,10
10007,Regina,Joseph,Rose,Male,18-10-2004,Joseph,Kiara,11-10-1975,550 Marquez Well Apt. 507,,52199,,Minneapolis,Virginia,Architect,House Wife,12266342435,17334635579,16668107295,2022,9,2023,10
10008,Brittany,Bryan,Robbins,Male,23-02-2004,Bryan,Maria,15-04-1978,3151 Ronald Bypass,,66123,,San Antonio,Michigan,Financial Analyst,Pharmacist,15555738642,11314321040,16174972484,2021,10,2022,11
10009,Ryan,James,Jackson,Male,09-09-2004,James,Amy,14-08-1982,29227 Parker Vista,,68687,,Jacksonville,Wisconsin,Veterinarian,Social Media Manager,13401768225,11296878895,18378801076,2022,11,2023,12
10010,Bridget,Marvin,Flores,Male,29-11-2004,Marvin,Kelly,18-01-1982,863 Taylor Pass Apt. 145,,56027,,San Antonio,Pennsylvania,Chef,IT Administrator,16929255002,15778089881,18244813375,2020,11,2021,12
10011,Brittany,Paul,Ramirez,Female,22-11-2005,Paul,Sandra,23-08-1978,40973 Brooke Summit Apt. 596,,61544,,San Jose,Ohio,Project Manager,Event Planner,17616215704,15323573382,14428467362,2023,10,2024,11
10012,Jennifer,Cody,Johnson,Male,26-10-2005,Cody,Maria,25-05-1980,126 Felicia Inlet Suite 826,,26295,,Boston,Illinois,Security Guard,Social Media Manager,14224987679,16715045317,13932617396,2023,9,2024,10
10013,Lisa,Luis,Nelson,Female,08-09-2004,Luis,Candice,12-11-1980,18613 Anderson Stravenue,,49660,,Oklahoma City,North Carolina,Teacher,Police Officer,17355154594,13871878687,19804351535,2021,9,2022,10
10014,Bryan,Michael,Doyle,Female,12-03-2004,Michael,Michelle,17-06-1979,01983 Stafford Run,,71119,,Miami,North Carolina,Research Scientist,Real Estate Agent,19781893404,16973515405,11939339665,2022,10,2023,11
10015,Cindy,Steven,Stevens,Male,09-06-2005,Steven,Barbara,28-05-1977,3244 Robin Lake Suite 446,,37976,,Colorado Springs,Mississippi,Accountant,Pharmacist,15395085662,13068842779,18771986755,2020,11,2021,12
10016,James,Anthony,Martin,Male,22-02-2005,Anthony,Tiffany,05-03-1976,05518 Kathleen Springs,,75533,,Tulsa,Kansas,Dentist,IT Administrator,18402008003,12115745680,14671024954,2020,10,2021,11
10017,George,Cesar,Durham,Female,23-02-2005,Cesar,Patty,04-01-1978,90473 Michael Shores,,56921,,Jacksonville,North Dakota,Nurse,House Wife,19539748273,15403411818,16418603327,2021,11,2022,12
10018,Stephanie,Anthony,Rogers,Male,27-04-2005,Anthony,Chelsea,31-07-1982,2800 Bowers Extensions,,58327,,Chicago,Louisiana,Project Manager,Social Media Manager,13432117522,14312726131,15803478142,2023,10,2024,11
10019,Jenna,Adam,Turner,Male,30-04-2004,Adam,Nichole,02-08-1979,42724 Gloria Ports Suite 702,,43273,,Kansas City,Nevada,Mechanical Engineer,Event Planner,14539069993,18081464430,18613142050,2022,9,2023,10
10020,Elizabeth,Michael,Chapman,Male,02-03-2005,Michael,Michele,07-09-1975,21084 Sharon Shores Suite 634,,71610,,Las Vegas,Nevada,Project Manager,Police Officer,17988924050,14185789552,18192864685,2020,9,2021,10
10021,Jennifer,Timothy,Washington,Male,08-06-2005,Timothy,Shannon,04-02-1977,74019 Branch Shoal,,71709,,Omaha,New Hampshire,Journalist,IT Administrator,16505094827,18249972483,19692762792,2021,10,2022,11
10022,Theresa,James,Clark,Male,12-09-2004,James,Christina,27-10-1977,92690 Joshua Rue,,32190,,Arlington,Alaska,Software Developer,Police Officer,19073384189,11741868130,18208626988,2023,11,2024,12
10023,Timothy,Kurt,Hartman,Male,19-01-2004,Kurt,Kelly,06-01-1976,82838 Mariah Inlet Suite 746,,62441,,Portland,Oregon,Event Planner,IT Administrator,15098285341,13303454627,15298983932,2022,11,2023,12
10024,Cameron,Douglas,Martinez,Female,22-11-2005,Douglas,Ashley,26-01-1982,135 Roy Summit Apt. 550,,49874,,Wichita,Colorado,Entrepreneur,IT Administrator,14365621297,17644236198,18136316747,2022,10,2023,11
10025,Matthew,Thomas,Fernandez,Female,12-09-2005,Thomas,Lynn,28-12-1981,2388 Simpson Rapid Apt. 416,,66786,,Seattle,Alabama,Financial Analyst,Real Estate Agent,11589831473,14919433745,13475293015,2023,9,2024,10
10026,Douglas,Adam,Thompson,Female,30-07-2005,Adam,Patricia,01-06-1978,35663 Karen Walks,,65736,,Denver,Idaho,Journalist,Real Estate Agent,11352743510,19747214609,12703392997,2022,9,2023,10
10027,Christian,Austin,Clark,Female,07-05-2004,Austin,Molly,06-12-1976,0056 Catherine Manors,,54338,,Los Angeles,New Hampshire,Event Planner,IT Administrator,11967635372,13606568428,13646812038,2021,10,2022,11
10028,Sonia,James,Morrow,Female,21-12-2004,James,Christina,09-01-1979,06618 Nicole Meadows Suite 116,,39472,,Las Vegas,Wisconsin,Construction Worker,House Wife,12373106234,14209855781,11631184994,2022,11,2023,12
10029,Kaitlyn,Robert,Simmons,Female,26-11-2005,Robert,Melanie,11-04-1982,4142 Montgomery Divide,,31140,,Los Angeles,Iowa,Event Planner,Dentist,14633738358,16721324824,15956082036,2020,11,2021,12
10030,Sharon,Cameron,Lee,Male,30-09-2004,Cameron,Suzanne,15-04-1978,07664 Odom Mission,,50293,,Tucson,Georgia,Fitness Instructor,IT Administrator,18866816920,11651583877,16799939002,2023,10,2024,11
10031,Jennifer,Jason,Gonzales,Male,07-02-2005,Jason,Lisa,05-04-1983,66945 David Plains,,27787,,Memphis,Virginia,Financial Analyst,IT Administrator,12535949499,18908445066,18715115244,2023,9,2024,10
10032,Isabel,Richard,Adkins,Female,01-10-2005,Richard,Cristina,14-07-1975,913 Luke Shores,,71067,,Minneapolis,Utah,Social Media Manager,IT Administrator,14542489529,17559283898,11458132546,2021,9,2022,10
10033,Tracey,Joseph,Prince,Male,14-09-2005,Joseph,Amy,28-09-1980,62899 Pearson Road Suite 263,,43949,,Louisville,Oregon,Web Designer,Real Estate Agent,16505602318,11365048962,11332326499,2022,10,2023,11
10034,Samuel,Kenneth,Smith,Female,20-02-2004,Kenneth,Julie,04-02-1979,94509 Griffith Branch Apt. 903,,49053,,Oakland,Iowa,Research Scientist,Social Media Manager,13615729922,15346729889,12274458952,2020,11,2021,12
10035,Nicole,Eric,Johnson,Female,19-03-2004,Eric,Denise,19-05-1977,40066 Susan Crossroad Suite 773,,41278,,Indianapolis,Montana,Web Designer,IT Administrator,19207823726,17302867003,13394478898,2020,10,2021,11
10036,Kathleen,William,Acevedo,Male,07-07-2005,William,Lori,14-05-1979,443 Logan Island Suite 328,,70053,,Chicago,Washington,Photographer,House Wife,12427905490,14228474431,12618411688,2021,11,2022,12
10037,Alejandro,Dillon,Lucas,Male,30-05-2005,Dillon,Erica,21-12-1979,1282 Lisa Route,,39518,,Los Angeles,Wyoming,Interior Designer,Pharmacist,15822197079,17922352180,16713958413,2023,10,2024,11
10038,Cynthia,Paul,Myers,Female,01-07-2005,Paul,Gina,08-05-1975,64044 Michael Walks Apt. 170,,65951,,Los Angeles,Hawaii,Sales Manager,Social Media Manager,19111363089,17941434225,15213476700,2022,9,2023,10
10039,Maria,Michael,Larson,Male,22-10-2004,Michael,Jodi,13-07-1979,8472 Brown Terrace,,58071,,San Antonio,New Hampshire,Event Planner,Social Media Manager,13179183761,17665068480,18391651887,2020,9,2021,10
10040,Russell,Michael,Richardson,Male,12-02-2004,Michael,Kimberly,11-06-1975,074 Karen Turnpike Apt. 155,,35437,,Indianapolis,South Dakota,Engineer,IT Administrator,14485344360,12867347043,18864672408,2021,10,2022,11
10041,Brittany,Carl,Edwards,Male,19-01-2005,Carl,Angela,21-07-1976,25300 Cherry Radial,,54026,,Baltimore,South Dakota,Product Manager,Real Estate Agent,16099394228,15361835820,18248081475,2023,11,2024,12
10042,Michele,Andrew,Hall,Male,16-12-2005,Andrew,Natalie,30-10-1975,88953 Amanda Turnpike Apt. 699,,62412,,Indianapolis,New Mexico,Pilot,Police Officer,16658812254,14728952051,15243556123,2022,11,2023,12
10043,Sarah,Marc,Terry,Female,17-08-2004,Marc,Sandra,14-09-1977,6780 Elizabeth Unions,,30147,,San Jose,Maryland,Construction Worker,IT Administrator,15525991278,13226997096,14189058741,2022,10,2023,11
10044,Sean,John,Mejia,Male,14-07-2004,John,Ann,27-11-1978,17879 Brittany Plains,,49807,,Milwaukee,Wisconsin,Artist,House Wife,14841363686,12625008147,16877814135,2023,9,2024,10
10045,Angela,Samuel,Morgan,Male,23-07-2005,Samuel,Caroline,17-11-1976,16135 Nicole Mills Suite 201,,42504,,Jacksonville,North Carolina,Graphic Designer,Real Estate Agent,17476276210,11582928790,14924239469,2022,9,2023,10
10046,Sally,Craig,Mendez,Male,06-09-2005,Craig,Dana,23-07-1976,453 William Mall,,46352,,Raleigh,North Dakota,Doctor,Event Planner,12087065755,15851069136,15637066665,2021,10,2022,11
10047,Brandon,Randy,Wallace,Male,09-11-2005,Randy,Sheryl,21-05-1977,8892 Rick Shoals,,40049,,Albuquerque,Michigan,Banker,Event Planner,19416333751,14326644911,16981842813,2022,11,2023,12
10048,Scott,James,Griffith,Male,14-06-2004,James,Cynthia,22-02-1983,363 Jeffrey Stravenue Apt. 471,,47479,,Omaha,Kentucky,Engineer,House Wife,14186111183,14296353479,12458532116,2020,11,2021,12
10049,Jennifer,Dylan,Miles,Male,24-03-2004,Dylan,Kimberly,27-12-1977,06010 Morris Greens Apt. 197,,31847,,Seattle,Idaho,Interior Designer,House Wife,18801797917,12936952919,18779781298,2023,10,2024,11
10050,Meghan,Marcus,Mills,Female,29-01-2004,Marcus,Ashley,03-07-1981,337 Davis Center,,40119,,Tucson,Montana,Librarian,Real Estate Agent,11825181022,18085664847,14902712448,2023,9,2024,10
10051,Robert,Jose,Robinson,Male,11-06-2004,Jose,Lauren,26-12-1981,456 Crawford Springs Apt. 737,,27682,,Tulsa,Virginia,Graphic Designer,Dentist,18908115651,18811179600,17497036577,2021,9,2022,10
10052,Tara,John,Lowe,Male,08-01-2004,John,Shelby,20-10-1975,03155 Li Springs,,62130,,New York City,North Carolina,Marketing Specialist,Event Planner,14829811802,19364233657,12551503750,2022,10,2023,11
10053,Angela,Marcus,Perez,Female,14-11-2004,Marcus,Jennifer,20-10-1982,616 Vasquez Views Suite 370,,47486,,Austin,West Virginia,Real Estate Agent,IT Administrator,18226565089,11352734895,13704904670,2020,11,2021,12
10054,Andrew,Scott,Cruz,Male,12-05-2005,Scott,Lisa,23-04-1978,USCGC Jones,,48155,,Los Angeles,Maine,Data Analyst,House Wife,15513963519,18453517458,12691904158,2020,10,2021,11
10055,Sierra,Norman,Cantu,Female,30-11-2004,Norman,Joan,01-02-1975,54139 Shannon Inlet,,62412,,Philadelphia,Massachusetts,Event Planner,House Wife,12315345693,17002809584,12913652310,2021,11,2022,12
10056,Julie,Jared,Townsend,Female,26-01-2005,Jared,Peggy,23-10-1978,1346 Silva Trail Suite 185,,63833,,Arlington,South Carolina,Librarian,Pharmacist,19902763497,13317811042,11504319482,2023,10,2024,11
10057,Amanda,Jamie,Bishop,Female,22-09-2005,Jamie,Kathy,23-10-1977,939 Grant Shores,,34492,,New Orleans,Georgia,Doctor,Social Media Manager,16057005449,12884431734,14235239498,2022,9,2023,10
10058,Sabrina,Jonathan,Cruz,Female,22-12-2005,Jonathan,Rebecca,30-12-1976,284 Jessica Rue Apt. 225,,40124,,Fresno,Michigan,Writer,Event Planner,16632644081,15604421497,13579408537,2020,9,2021,10
10059,Rhonda,Trevor,Reyes,Female,26-08-2004,Trevor,Kathryn,12-04-1978,"PSC 1005, Box 3837",,35636,,Dallas,Wisconsin,Graphic Designer,IT Administrator,14775835576,17788042221,18213344622,2021,10,2022,11
10060,Jennifer,James,Wilson,Female,15-02-2004,James,Donna,14-04-1977,"PSC 9403, Box 9586",,49116,,Arlington,West Virginia,Graphic Designer,Dentist,18053622303,19607058264,17797514984,2023,11,2024,12
10061,Sandra,Scott,Schmidt,Female,14-05-2005,Scott,Nicole,01-02-1978,8418 Jason Well,,31556,,Miami,Nevada,Sales Manager,Pharmacist,19517521329,18468345590,13873922599,2022,11,2023,12
10062,Heather,Nathaniel,Davis,Female,19-11-2004,Nathaniel,Sandra,29-03-1979,173 Michael Knolls,,65590,,Colorado Springs,Washington,Journalist,Dentist,18302042608,13151002535,16663309387,2022,10,2023,11
10063,Louis,Jeffrey,Jacobson,Male,12-08-2004,Jeffrey,Tanya,28-08-1977,9364 Jesus Hollow,,26347,,Kansas City,Vermont,Software Developer,Police Officer,16561923439,13413109923,17753253134,2023,9,2024,10
10064,Christopher,Stephen,Lopez,Female,11-02-2005,Stephen,Mary,21-11-1981,0401 Penny Creek Suite 779,,53005,,Oklahoma City,Delaware,Writer,Event Planner,17442522706,18394446752,16349597588,2022,9,2023,10
10065,Lauren,Jeffery,Lopez,Male,19-06-2005,Jeffery,Rebecca,07-12-1975,772 Rogers Plaza Suite 959,,50955,,Minneapolis,Michigan,IT Administrator,Social Media Manager,14324863662,13082782813,14526088944,2021,10,2022,11
10066,Sandra,Ryan,Olson,Female,14-05-2005,Ryan,Kim,07-10-1981,168 Hernandez Manor,,43030,,Denver,West Virginia,Lawyer,Social Media Manager,12593742600,17321083126,14176294944,2022,11,2023,12
10067,William,Micheal,Simon,Female,02-10-2005,Micheal,Monica,19-08-1975,196 Jennifer Lake Apt. 039,,64840,,Seattle,North Carolina,Doctor,Social Media Manager,15733493684,13609847022,18857498500,2020,11,2021,12
10068,Jessica,Donald,Hicks,Female,20-07-2004,Donald,Sharon,19-04-1977,4393 Richard Canyon Suite 067,,71231,,Chicago,Delaware,Retail Store Manager,Event Planner,13709374409,13528976013,11775449293,2023,10,2024,11
10069,Michael,William,Garcia,Female,21-04-2005,William,Dominique,13-01-1983,Unit 2776 Box 7812,,47773,,Oakland,Rhode Island,Fitness Instructor,Dentist,12272373089,19334359238,17477626913,2023,9,2024,10
10070,Katherine,Nicholas,Carroll,Female,20-04-2004,Nicholas,Stacey,04-10-1980,45564 Sara Lodge,,67344,,Minneapolis,Tennessee,Journalist,Event Planner,19274192989,17759384865,11735866966,2021,9,2022,10
10071,Johnathan,Larry,Turner,Female,22-10-2005,Larry,Joanna,19-05-1979,USNS Saunders,,66544,,Detroit,Colorado,Doctor,Police Officer,17348872868,14283813842,17452267358,2022,10,2023,11
10072,Robert,James,Johnson,Male,27-12-2004,James,Stephanie,20-08-1977,927 Michael Manors,,73147,,Miami,Colorado,Customer Service Representative,IT Administrator,17499312538,11804751232,14683524234,2020,11,2021,12
10073,Christina,Frank,Stone,Male,23-03-2005,Frank,Elizabeth,05-06-1979,49099 Johnson Camp,,76853,,Mesa,Ohio,Architect,Police Officer,18003059911,18529072001,12594631682,2020,10,2021,11
10074,Charles,Ryan,Hess,Female,01-04-2004,Ryan,Tracey,15-06-1975,25817 Rachel Inlet,,65644,,Albuquerque,Nevada,Data Analyst,Dentist,12997687396,19918764793,13334806548,2021,11,2022,12
10075,James,Paul,Lucas,Female,26-05-2005,Paul,Christina,25-02-1978,814 Calhoun Knoll Suite 126,,78131,,Fresno,Illinois,Engineer,Pharmacist,18449964032,15668612606,11712585286,2023,10,2024,11
10076,Alexandra,Christopher,Hardy,Female,26-06-2004,Christopher,Andrea,04-06-1982,596 Rasmussen Locks Apt. 716,,75724,,Dallas,Iowa,Data Analyst,Police Officer,13599044773,17043525001,17941895243,2022,9,2023,10
10077,David,Geoffrey,Powell,Female,09-08-2004,Geoffrey,Maria,18-01-1982,043 Lambert Coves Suite 945,,39193,,Boston,Rhode Island,Operations Manager,IT Administrator,12463681546,19613254391,14971125520,2020,9,2021,10
10078,Thomas,Brandon,Rogers,Female,18-09-2005,Brandon,Barbara,11-04-1983,3456 Dana Route Apt. 057,,65070,,Charlotte,New Mexico,Electrician,Real Estate Agent,13921077853,14001915371,14159214070,2021,10,2022,11
10079,Jenna,Michael,Robertson,Male,21-05-2005,Michael,Maria,16-08-1975,161 Jamie Hollow,,61649,,Oklahoma City,Delaware,Social Media Manager,IT Administrator,14368042832,19516482418,16373837275,2023,11,2024,12
10080,Lauren,Andrew,Smith,Female,14-06-2005,Andrew,April,13-05-1980,USS Baker,,29922,,Tucson,Alabama,Customer Service Representative,Pharmacist,18475927810,12466976900,16322296182,2022,11,2023,12
10081,Andrew,Danny,Flores,Male,09-02-2005,Danny,Anne,24-07-1978,793 Brown Spur,,75966,,Boston,Massachusetts,Flight Attendant,Social Media Manager,17381822177,15337296631,17035861080,2022,10,2023,11
10082,Shannon,Eric,Murphy,Male,20-05-2004,Eric,Katherine,23-12-1976,069 Cody Rapid Suite 208,,39309,,Oklahoma City,Louisiana,HR Manager,IT Administrator,19696947283,17975098739,14213399257,2023,9,2024,10
10083,Christopher,Jerry,Li,Female,06-10-2005,Jerry,Nancy,01-03-1978,4561 Ricardo Isle,,27107,,Chicago,Florida,Operations Manager,Real Estate Agent,14758535643,18789397367,11718293744,2022,9,2023,10
10084,Amber,Kevin,Nelson,Male,01-03-2005,Kevin,Pamela,25-09-1975,Unit 8874 Box 5460,,41698,,Columbus,Illinois,Interior Designer,Social Media Manager,17394746585,16674178405,13116053649,2021,10,2022,11
10085,Teresa,Joseph,Mercado,Female,14-05-2004,Joseph,Kathy,15-05-1983,385 James Mission,,48143,,San Diego,Delaware,Librarian,Pharmacist,12716521061,13709373679,11856319132,2022,11,2023,12
10086,Paul,Steven,Cross,Female,17-07-2005,Steven,Jennifer,21-02-1979,03743 Alexander Mills Apt. 883,,52237,,Columbus,Arizona,Lawyer,Pharmacist,12782937158,12568579126,18374911030,2020,11,2021,12
10087,Laura,Timothy,Butler,Female,25-01-2004,Timothy,Terry,22-06-1983,39224 Smith Land,,39302,,"Washington, D.C.",Virginia,Fitness Instructor,Event Planner,12437696935,17593975117,17491215165,2023,10,2024,11
10088,Jennifer,Matthew,Ferguson,Male,17-05-2004,Matthew,Dana,25-09-1981,12943 Mitchell Ford,,46182,,Nashville,Arkansas,Writer,House Wife,14755672036,14332331780,11512884432,2023,9,2024,10
10089,Cindy,Raymond,Dixon,Female,20-12-2004,Raymond,Katherine,31-03-1982,2106 Owens Parks,,70759,,Arlington,Pennsylvania,Data Analyst,House Wife,15934249825,19037023258,13895099803,2021,9,2022,10
10090,Angelica,James,Wells,Male,05-05-2004,James,Brittany,04-02-1977,18915 Berry Lodge Apt. 596,,48810,,Baltimore,Louisiana,Graphic Designer,Social Media Manager,15246306214,19054314041,12107448438,2022,10,2023,11
10091,Corey,Jeffrey,Kidd,Female,12-10-2005,Jeffrey,Diane,22-05-1975,1095 White Square,,71236,,Seattle,Kansas,HR Manager,Event Planner,18584421257,18526363869,11348452157,2020,11,2021,12
10092,Christopher,Steven,Rosales,Female,28-06-2004,Steven,Terri,14-05-1975,2031 Jennifer Pines,,58033,,Jacksonville,Tennessee,Accountant,Event Planner,16907149176,14707211933,19515506932,2020,10,2021,11
10093,Kent,Andrew,Cunningham,Female,01-05-2004,Andrew,Shari,28-12-1981,375 Davis Shoals,,27383,,Chicago,Delaware,Doctor,Real Estate Agent,19823722709,18709156635,16865813258,2021,11,2022,12
10094,Joseph,Maurice,Welch,Male,03-11-2004,Maurice,Linda,01-07-1980,5475 Marisa Junction,,28922,,Denver,Oregon,Journalist,Event Planner,15256135934,17125303051,11483522775,2023,10,2024,11
10095,Nathan,John,Barton,Female,04-04-2005,John,Jacqueline,04-06-1978,008 Teresa Views Apt. 589,,55129,,Arlington,Maryland,Financial Analyst,House Wife,13041699132,19248134660,19586261923,2022,9,2023,10
10096,Mark,Michael,Carr,Male,12-02-2004,Michael,Kimberly,06-05-1979,0176 Knight Pass,,72863,,Colorado Springs,New Mexico,Marketing Specialist,Police Officer,17185419636,12657904394,12447032438,2020,9,2021,10
10097,Lindsey,Jason,Rodgers,Male,25-11-2004,Jason,Jessica,30-11-1979,22170 Jason Drives,,69020,,Los Angeles,Iowa,Sales Manager,Dentist,12845849305,16501206241,13155127523,2021,10,2022,11
10098,Tina,Nicholas,Nelson,Male,30-04-2005,Nicholas,Beth,29-03-1982,2393 Joseph Mission Suite 362,,35121,,Jacksonville,New Mexico,Entrepreneur,IT Administrator,15026466583,19237222821,11568346114,2023,11,2024,12
10099,Jonathan,Joseph,Turner,Female,21-05-2005,Joseph,Lindsey,10-05-1980,587 Pearson Prairie Apt. 855,,59228,,Tulsa,Michigan,Architect,IT Administrator,15619939599,18928479841,12054782356,2022,11,2023,12
10100,Carolyn,Jeffrey,Rice,Female,08-07-2004,Jeffrey,Barbara,27-02-1980,7942 Taylor Drive,,32431,,Nashville,Delaware,Product Manager,Police Officer,11206841314,14961487700,16371556438,2022,10,2023,11
10101,Scott,Antonio,Suarez,Male,18-05-2005,Antonio,Kayla,08-09-1977,Unit 8446 Box 5479,,34963,,Nashville,Mississippi,Entrepreneur,Police Officer,11938067105,18847927246,18466804885,2023,9,2024,10
10102,Melissa,Darryl,Olson,Male,20-01-2004,Darryl,Angela,07-01-1977,981 Barton Village,,58622,,Raleigh,Idaho,Teacher,Pharmacist,16998556984,13171538046,13679116813,2022,9,2023,10
10103,Joshua,Jacob,Nguyen,Female,06-06-2005,Jacob,Amy,26-08-1977,3712 Arnold Square,,47000,,New Orleans,Rhode Island,Teacher,Event Planner,15127454549,11983119165,17559837674,2021,10,2022,11
10104,Kelly,Brian,Petersen,Male,22-09-2004,Brian,Rachel,20-10-1980,04830 Lisa Parks,,72196,,Kansas City,New Hampshire,Photographer,Police Officer,19632565756,12187033211,11006459759,2022,11,2023,12
10105,Megan,James,Lyons,Male,23-07-2004,James,Karen,17-09-1975,185 Reginald Locks Apt. 473,,74074,,Wichita,Louisiana,Insurance Agent,Dentist,13633115516,12151909274,13407462329,2020,11,2021,12
10106,James,Jared,Morgan,Male,10-01-2005,Jared,Monica,08-03-1979,04018 Jeffrey Islands Apt. 707,,57582,,Mesa,North Dakota,Banker,Real Estate Agent,17658326519,17623839220,16323562027,2023,10,2024,11
10107,Darren,Tyler,Weber,Male,08-11-2005,Tyler,Kelly,18-08-1977,99798 Meyer Forest Suite 651,,27524,,Austin,Nevada,Teacher,Police Officer,19731448123,14181438956,15964978131,2023,9,2024,10
10108,Rebecca,Steve,Leblanc,Male,21-06-2004,Steve,Karen,20-05-1978,4039 Jeffery Street,,63080,,Arlington,Texas,Sales Manager,Pharmacist,11702185728,16074753094,12586551126,2021,9,2022,10
10109,Hannah,Dakota,Marshall,Male,02-05-2005,Dakota,Elizabeth,15-07-1975,94385 Cristina Crescent Suite 432,,70672,,Las Vegas,Alabama,Police Officer,IT Administrator,12957982749,14266111821,14111862713,2022,10,2023,11
10110,Steven,Jerry,Garcia,Male,26-03-2004,Jerry,Samantha,11-03-1983,985 Teresa Junction Suite 945,,38462,,Houston,Kansas,Product Manager,Social Media Manager,14672281622,16515342512,17331673641,2020,11,2021,12
10111,Bryan,Grant,Miller,Male,23-11-2004,Grant,Deanna,11-07-1979,50117 Heather Unions Apt. 673,,78190,,Miami,Wisconsin,Graphic Designer,Social Media Manager,12849644063,14422102792,12548857840,2020,10,2021,11
10112,Brett,Guy,Perez,Female,22-07-2005,Guy,Brandy,04-11-1975,4711 Kaiser Lane Apt. 422,,58278,,Sacramento,Nebraska,Project Manager,Social Media Manager,13786182377,11947111292,12943639060,2021,11,2022,12
10113,Vincent,Thomas,Green,Female,11-04-2005,Thomas,Anna,15-06-1983,36242 Stephanie Club Apt. 243,,65918,,Seattle,Hawaii,HR Manager,IT Administrator,17156134011,19843276290,19567919325,2023,10,2024,11
10114,Shawn,Dustin,Johnson,Male,10-01-2004,Dustin,Molly,26-06-1976,68558 Martin Fords Apt. 385,,31592,,Omaha,Wyoming,Doctor,Event Planner,19122784471,11871494251,13702525266,2022,9,2023,10
10115,Katherine,Donald,Martin,Female,31-10-2005,Donald,Ashley,09-04-1978,586 Kimberly Curve,,72037,,Colorado Springs,Texas,Social Media Manager,Event Planner,13517375927,16636407027,15383245936,2020,9,2021,10
10116,Andrea,Jerry,Long,Male,15-12-2005,Jerry,Diane,31-10-1976,243 Reed Shoal Suite 340,,49234,,Baltimore,Nebraska,Marketing Specialist,Police Officer,16792215591,14088746511,17014738417,2021,10,2022,11
10117,John,Xavier,Holmes,Female,22-08-2004,Xavier,Catherine,04-06-1980,1334 Kenneth Cliff,,60844,,Omaha,Washington,Retail Store Manager,Dentist,15095231240,15332205910,11814411795,2023,11,2024,12
10118,Steven,Ruben,Harper,Male,08-06-2004,Ruben,Emma,17-10-1975,2597 Palmer Wells Apt. 334,,54497,,Minneapolis,Maryland,Photographer,Pharmacist,17178245325,12651904446,14335382229,2022,11,2023,12
10119,Trevor,Alejandro,George,Male,26-07-2004,Alejandro,Rebecca,04-12-1978,455 Allen Green Suite 806,,67738,,Kansas City,Connecticut,Data Analyst,Real Estate Agent,19176206475,14522989937,18129189000,2022,10,2023,11
10120,Angela,Jonathan,Ramirez,Female,02-10-2004,Jonathan,Karen,16-04-1982,540 Anderson Heights Apt. 102,,70367,,Las Vegas,Indiana,Product Manager,Event Planner,12274939752,17983288732,17058689584,2023,9,2024,10
10121,Melanie,Chad,Everett,Female,27-02-2005,Chad,Gina,03-01-1979,36265 Williams Bridge,,49101,,Chicago,Kentucky,Chef,House Wife,11651634264,19381581426,11767306256,2022,9,2023,10
10122,Heather,Michael,Russo,Female,24-07-2004,Michael,Tammy,22-02-1982,2162 Long Mountain,,78241,,Long Beach,Missouri,Insurance Agent,House Wife,14327602483,11003446441,18436369042,2021,10,2022,11
10123,Kenneth,Gary,Chandler,Male,10-10-2005,Gary,Susan,26-10-1981,985 Rodgers Station Apt. 300,,57658,,Kansas City,Iowa,Nurse,Real Estate Agent,18693237250,17177371553,16008482840,2022,11,2023,12
10124,Brandon,Jeffrey,Shah,Male,16-02-2004,Jeffrey,Kristen,02-02-1983,991 Vickie Landing Apt. 545,,34670,,Wichita,Alabama,Entrepreneur,Event Planner,14134265121,13274928621,16331612270,2020,11,2021,12
10125,Matthew,Eric,Gill,Male,02-03-2004,Eric,Haley,17-03-1975,2778 Brittany Drive Apt. 473,,71634,,Milwaukee,Maine,IT Administrator,Event Planner,17087845729,12892556940,17956016337,2023,10,2024,11
10126,Jennifer,Jeffrey,Jones,Male,16-07-2004,Jeffrey,Jennifer,13-07-1980,145 Schmidt Mountain Suite 878,,71295,,Minneapolis,Wyoming,Product Manager,Dentist,17583831741,19326034276,13583867883,2023,9,2024,10
10127,Kristen,Reginald,Montgomery,Male,21-02-2004,Reginald,Shannon,08-01-1977,317 Steven Loop Suite 425,,53214,,Long Beach,Georgia,Flight Attendant,Dentist,16403904374,13387344593,14585034875,2021,9,2022,10
10128,Matthew,Richard,Kane,Female,21-05-2004,Richard,Angela,27-08-1978,932 Melissa Station,,74721,,El Paso,Arkansas,Accountant,Police Officer,11109868343,14075857595,15683316409,2022,10,2023,11
10129,Brandy,Kevin,Johnson,Female,13-07-2004,Kevin,Rebecca,03-02-1980,8282 Hayes Cliff,,38552,,Fresno,Ohio,Construction Worker,Real Estate Agent,17292594414,13951964558,14568909507,2020,11,2021,12
10130,Lauren,Jermaine,Chaney,Female,19-06-2005,Jermaine,Kimberly,11-06-1980,64908 Cynthia Drive,,37127,,San Diego,Maine,Construction Worker,Real Estate Agent,11676011492,14979081236,13734461583,2020,10,2021,11
10131,Karen,Alex,Richard,Male,31-07-2004,Alex,Mary,06-10-1980,96068 Lindsay Stravenue,,28294,,San Francisco,Kentucky,Product Manager,Social Media Manager,18941892149,16289579168,11102058312,2021,11,2022,12
10132,Dawn,John,Clark,Female,24-10-2004,John,Ashley,08-07-1976,6422 Joseph Pike,,62058,,Oakland,Ohio,Fitness Instructor,IT Administrator,15974589636,16247886942,17932639286,2023,10,2024,11
10133,Gerald,Justin,Glover,Male,19-07-2005,Justin,Dana,23-03-1977,USS Torres,,54949,,Miami,Alaska,Artist,Real Estate Agent,11666367570,16091343330,13273925047,2022,9,2023,10
10134,Christopher,Blake,Lowery,Female,01-12-2004,Blake,Valerie,07-11-1979,USCGC Gibson,,64998,,Long Beach,Mississippi,Financial Analyst,Police Officer,14209509080,15585654376,12969678040,2020,9,2021,10
10135,Pedro,Steven,Reed,Male,10-09-2004,Steven,Alicia,02-08-1979,36521 William Mountain,,40179,,San Antonio,Florida,Research Scientist,Real Estate Agent,19308462238,18606482596,15135173592,2021,10,2022,11
10136,Anne,Jason,Barrera,Female,25-07-2004,Jason,Heather,15-10-1975,615 Morgan Spring,,40196,,Charlotte,New Hampshire,Mechanical Engineer,Event Planner,15396727386,19041335233,15287877275,2023,11,2024,12
10137,Kristin,James,Hernandez,Female,30-06-2005,James,Melinda,06-11-1981,84848 Lawson Street Suite 550,,46094,,Mesa,Minnesota,Graphic Designer,Real Estate Agent,14135122062,11178844929,11007472100,2022,11,2023,12
10138,Vincent,Franklin,Thompson,Male,07-01-2005,Franklin,Christine,05-12-1983,271 Turner Streets,,26218,,Philadelphia,Arizona,Entrepreneur,Police Officer,11209085907,15682964196,17002432768,2022,10,2023,11
10139,Mary,Trevor,Miller,Male,13-04-2004,Trevor,Amanda,28-08-1981,4660 Wagner Plains,,26583,,Chicago,Rhode Island,Retail Store Manager,Event Planner,12999169681,18452381144,13127959820,2023,9,2024,10
10140,Christopher,Kevin,Hines,Female,02-06-2004,Kevin,Danielle,09-03-1977,495 James Track Suite 720,,57042,,Dallas,North Dakota,Software Developer,Pharmacist,13842385701,14816528979,11302345391,2022,9,2023,10
10141,Laura,John,Johnson,Male,15-07-2005,John,Dawn,22-04-1977,90978 Liu Junction Suite 169,,53293,,Detroit,Nevada,Sales Manager,Real Estate Agent,18267053146,19107171078,17924484596,2021,10,2022,11
10142,Joseph,Eric,Fisher,Male,19-04-2005,Eric,Sara,06-06-1976,821 Alyssa Light,,69652,,Nashville,Maine,Architect,Police Officer,18054585890,18274497076,12076822721,2022,11,2023,12
10143,Amanda,Chris,Perry,Male,19-01-2005,Chris,Elaine,31-05-1975,7398 Anthony Avenue Suite 485,,56648,,Long Beach,Texas,Retail Store Manager,House Wife,18611463511,16458303265,19424839856,2020,11,2021,12
10144,Aaron,Daniel,Clayton,Female,03-04-2005,Daniel,Rachel,15-08-1979,"PSC 1045, Box 4038",,40172,,San Antonio,New Hampshire,Lawyer,Pharmacist,12859606766,13262213628,16246933611,2023,10,2024,11
10145,Julie,Anthony,Smith,Male,08-08-2004,Anthony,Heather,17-09-1978,02793 Higgins Vista,,51601,,Kansas City,Arkansas,Translator,Social Media Manager,12105575747,15365976108,14145457452,2023,9,2024,10
10146,Anne,Gary,Hill,Male,06-04-2004,Gary,Angela,08-05-1980,USNS Martinez,,57191,,New York City,Louisiana,Event Planner,Event Planner,16083888424,13574376575,15327989374,2021,9,2022,10
10147,Misty,Ronnie,Solis,Female,12-10-2004,Ronnie,Tabitha,07-09-1982,47192 Kristina Shores Apt. 037,,68219,,Arlington,Ohio,Interior Designer,IT Administrator,12297588274,16196206684,14113941727,2022,10,2023,11
10148,Carlos,Devin,Drake,Male,15-12-2005,Devin,Cheryl,06-03-1976,8860 Austin Street,,39517,,Fresno,North Carolina,Nurse,Police Officer,18101461255,12161557181,18967385170,2020,11,2021,12
10149,Kyle,Jeremy,Cobb,Male,05-01-2004,Jeremy,Lisa,12-09-1979,39347 Mckenzie Springs,,53884,,New York City,Arizona,Security Guard,Dentist,16629297596,17838624564,17024323219,2020,10,2021,11
10150,Richard,Noah,Jennings,Male,18-12-2004,Noah,Cindy,01-04-1975,442 Skinner Road,,66208,,Dallas,South Carolina,Architect,Social Media Manager,11313881339,13978579993,14133444480,2021,11,2022,12
10151,Donald,Nicholas,Curry,Female,07-01-2004,Nicholas,Heather,22-06-1983,1890 Alicia Brook,,40419,,Raleigh,Delaware,Writer,Social Media Manager,15476354966,16895564019,19682428393,2023,10,2024,11
10152,Kathleen,James,Decker,Male,04-06-2005,James,Stacey,07-07-1982,387 Johnson Lane Suite 023,,60323,,Fort Worth,Nebraska,Accountant,Police Officer,14184778875,14133436530,11134683737,2022,9,2023,10
10153,Anna,Jose,Robinson,Female,04-07-2004,Jose,Joanne,28-02-1978,181 Castro Square Apt. 613,,42485,,Detroit,Indiana,Fitness Instructor,Social Media Manager,14812678536,12023121938,19694523755,2020,9,2021,10
10154,Amy,Chad,Love,Male,13-06-2004,Chad,Megan,21-08-1983,06482 Clark Ways Suite 908,,78390,,Chicago,Iowa,Operations Manager,Social Media Manager,12448021186,19894518194,15053506078,2021,10,2022,11
10155,Jennifer,James,Ortega,Female,08-02-2004,James,Laura,14-09-1975,4914 Michelle Passage Apt. 716,,59081,,New York City,Massachusetts,Pilot,Social Media Manager,11122386129,17549457056,12919318695,2023,11,2024,12
10156,Marvin,Christopher,Alvarado,Female,08-04-2004,Christopher,Kristin,20-02-1979,9577 Richard Burgs Suite 760,,39991,,El Paso,Nebraska,Data Analyst,Social Media Manager,12565151057,16346465972,15401481174,2022,11,2023,12
10157,Amanda,Richard,Harper,Female,06-12-2005,Richard,Tara,31-10-1978,1722 Amanda Islands,,57057,,New York City,Hawaii,Sales Manager,Social Media Manager,18385929217,17788978578,19023766942,2022,10,2023,11
10158,Jacqueline,Anthony,Miller,Female,23-02-2005,Anthony,Erica,04-10-1977,39045 Karen Extension,,48325,,Boston,Wyoming,HR Manager,Police Officer,17365833764,19226678230,15146495039,2023,9,2024,10
10159,Matthew,Samuel,Smith,Male,07-12-2005,Samuel,Leslie,29-01-1976,15774 Kevin Mountain Apt. 024,,25746,,San Antonio,Illinois,Librarian,IT Administrator,13816433424,18387539062,15438695409,2022,9,2023,10
10160,Jennifer,Hunter,Foster,Male,25-11-2005,Hunter,Jessica,18-11-1980,630 Bailey Path,,27525,,"Washington, D.C.",Arizona,Web Designer,House Wife,14068201366,14019553875,19499062460,2021,10,2022,11
10161,Christine,Stephen,Buchanan,Female,31-08-2004,Stephen,Maria,07-04-1982,38953 Hall Roads,,54969,,Louisville,North Dakota,Chef,House Wife,14266747964,17371419790,13682584270,2022,11,2023,12
10162,Jose,Cory,Larsen,Female,19-05-2005,Cory,Valerie,30-04-1975,32048 Woods Grove Apt. 901,,49772,,Charlotte,North Carolina,Financial Analyst,Event Planner,15805715124,12698168576,19049531892,2020,11,2021,12
10163,Mary,Michael,Heath,Male,24-02-2005,Michael,Lauren,27-12-1983,92985 Simmons Turnpike,,57049,,Nashville,Rhode Island,Research Scientist,House Wife,14716173982,13943442755,19885881611,2023,10,2024,11
10164,Dustin,Peter,Barr,Female,27-12-2005,Peter,Laura,07-08-1977,084 Matthew Trail Apt. 803,,28204,,Minneapolis,Tennessee,Doctor,Real Estate Agent,12226023228,14222477544,18883656491,2023,9,2024,10
10165,Faith,Steven,Murray,Male,06-04-2005,Steven,Rebecca,22-09-1981,USCGC Merritt,,60920,,Chicago,Pennsylvania,Retail Store Manager,IT Administrator,14692477279,16394901993,19748265413,2021,9,2022,10
10166,Brian,Joshua,Matthews,Male,13-01-2004,Joshua,Lauren,20-01-1982,84619 Crystal Extension Apt. 939,,59930,,Wichita,Wyoming,Sales Manager,Event Planner,15295902809,12695005984,16365181844,2022,10,2023,11
10167,Michael,Christopher,Heath,Male,02-07-2004,Christopher,Victoria,19-04-1978,353 Lynn Way Apt. 278,,62776,,San Diego,Massachusetts,Retail Store Manager,Pharmacist,11882821481,14228729013,17349687853,2020,11,2021,12
10168,Kevin,James,Gomez,Male,11-09-2004,James,Alexandra,21-09-1979,06632 Adams Loop Apt. 128,,26415,,Long Beach,Maine,Electrician,Police Officer,16392959451,19739138901,19925131400,2020,10,2021,11
10169,David,Justin,Shaw,Male,01-09-2004,Justin,Laurie,12-01-1977,5642 Miller Alley,,39614,,Boston,North Dakota,Project Manager,Pharmacist,11154234049,14196517011,17177739025,2021,11,2022,12
10170,Tracey,Gregory,Black,Male,22-05-2005,Gregory,Kimberly,24-10-1982,8407 May Path,,48774,,Tulsa,New Jersey,Lawyer,IT Administrator,19394949283,13556805725,13345693485,2023,10,2024,11
10171,Marie,Gary,Santiago,Male,11-07-2004,Gary,Sarah,01-10-1976,5842 Garrett Fork,,39990,,Jacksonville,Montana,Teacher,Social Media Manager,16278488999,16682662289,18355611936,2022,9,2023,10
10172,Thomas,Don,Wheeler,Female,28-08-2005,Don,Jamie,29-05-1982,967 Rogers Cliffs Suite 983,,31498,,Miami,Pennsylvania,Data Analyst,Pharmacist,16019752669,18801306039,18875587992,2020,9,2021,10
10173,Yolanda,Brad,White,Female,17-12-2004,Brad,Michelle,31-08-1978,322 Brent Creek Apt. 536,,59687,,Wichita,Texas,Insurance Agent,Event Planner,16845503233,15112524845,16171474249,2021,10,2022,11
10174,Grace,Jon,Clark,Male,30-10-2005,Jon,Holly,02-03-1975,82826 Alvarado Parkway,,45446,,Austin,West Virginia,Customer Service Representative,House Wife,18581846688,19984229706,15693036773,2023,11,2024,12
10175,Rebecca,James,Williams,Female,05-11-2004,James,Amanda,19-11-1977,257 Clark Glens,,38801,,Oakland,Washington,Security Guard,Event Planner,11397346970,17625938656,12921232239,2022,11,2023,12
10176,Jessica,Ryan,Ramsey,Male,16-05-2005,Ryan,Donna,20-10-1978,191 Gonzales Parkway Apt. 856,,47565,,San Antonio,Nevada,Research Scientist,Social Media Manager,14538316280,17068448054,12864741733,2022,10,2023,11
10177,George,Keith,Keller,Male,11-10-2005,Keith,Sandy,24-08-1982,62662 Rose Parkways Suite 059,,26825,,Fresno,Oklahoma,Interior Designer,Real Estate Agent,12263198161,16715051508,11327069894,2023,9,2024,10
10178,Tyler,Dustin,Cross,Female,13-12-2005,Dustin,Janice,03-05-1975,5088 James Island Apt. 208,,73267,,Fresno,Pennsylvania,Research Scientist,Pharmacist,18715479548,11616262674,13076899268,2022,9,2023,10
10179,Noah,David,Hall,Female,26-12-2005,David,Sabrina,04-11-1979,81149 Lisa Spring Suite 053,,26307,,Arlington,Louisiana,Security Guard,Police Officer,15143427266,12333348769,19404308647,2021,10,2022,11
10180,Thomas,Jesse,Cervantes,Male,14-12-2004,Jesse,Christina,24-12-1977,7094 Kim Hills Suite 288,,61964,,Sacramento,Maine,Research Scientist,Dentist,15031196019,19635005826,18073971628,2022,11,2023,12
10181,Christopher,Donald,Haney,Male,09-02-2005,Donald,Cynthia,06-11-1976,1231 Thomas Brook Suite 654,,65025,,Austin,South Dakota,Fitness Instructor,IT Administrator,12951416669,12447797967,12014038675,2020,11,2021,12
10182,Jennifer,Lee,Reed,Female,17-11-2004,Lee,Jennifer,31-08-1983,650 Bryant Harbor,,66133,,Houston,Wyoming,Real Estate Agent,House Wife,13311697255,16953709313,13172729187,2023,10,2024,11
10183,Andre,Matthew,Riggs,Female,19-05-2004,Matthew,Lisa,03-01-1981,38834 Veronica River Apt. 679,,74690,,Colorado Springs,Wisconsin,Accountant,IT Administrator,14724725945,11232829660,12761657380,2023,9,2024,10
10184,Angela,Evan,Franklin,Male,29-12-2005,Evan,Paige,13-04-1982,09005 Tyler Glen,,58238,,Miami,New Mexico,Retail Store Manager,Real Estate Agent,18403155143,11454987891,17025339174,2021,9,2022,10
10185,Todd,Joseph,Dean,Male,05-03-2005,Joseph,Rebecca,08-09-1979,837 Thomas Roads Apt. 482,,32124,,Baltimore,New York,Mechanical Engineer,IT Administrator,12579186075,15039937643,13729809165,2022,10,2023,11
10186,Christine,Ryan,Solis,Female,11-12-2004,Ryan,Sarah,26-03-1979,749 Wong Cliffs Apt. 653,,78345,,Dallas,South Carolina,Journalist,Social Media Manager,19786547093,18106331103,12281401335,2020,11,2021,12
10187,Molly,Colin,Roberts,Male,25-04-2004,Colin,Katie,23-09-1978,138 Sean Junctions,,67479,,Chicago,Hawaii,Veterinarian,Real Estate Agent,11595446660,13306081394,12151992960,2020,10,2021,11
10188,Kathy,Daniel,Moran,Female,22-05-2005,Daniel,Lisa,06-02-1981,57549 Brock Fords Suite 266,,47494,,Sacramento,South Carolina,Doctor,House Wife,12933901581,12489322154,13305308753,2021,11,2022,12
10189,Kimberly,Joshua,Trevino,Male,25-05-2005,Joshua,Jennifer,17-12-1982,5180 Stephens Port,,72802,,Raleigh,Oregon,Fitness Instructor,Event Planner,11362773747,11797748147,11384945272,2023,10,2024,11
10190,Michael,Michael,Beck,Female,01-07-2005,Michael,Brenda,10-06-1977,Unit 6867 Box 5061,,31557,,Atlanta,North Dakota,IT Administrator,Police Officer,14447661710,13189542660,13487972259,2022,9,2023,10
10191,Megan,Tony,Gutierrez,Male,07-09-2004,Tony,Brenda,21-04-1975,41222 John Keys,,49511,,Columbus,Ohio,Graphic Designer,Dentist,19707958536,13387078184,19766578092,2020,9,2021,10
10192,Deborah,Daniel,Smith,Female,16-10-2005,Daniel,Kimberly,18-04-1981,34754 Robert Gateway,,42286,,Chicago,Connecticut,Data Analyst,Real Estate Agent,19297919604,13149404686,19671899322,2021,10,2022,11
10193,Andrew,Joseph,Mathews,Male,04-09-2004,Joseph,Lauren,14-04-1982,083 Rebecca Groves Apt. 531,,42489,,Memphis,New Jersey,Event Planner,Real Estate Agent,12598559217,13688064673,12094167877,2023,11,2024,12
10194,Andrew,Allen,Lee,Female,15-04-2005,Allen,Joy,18-08-1977,41916 Williamson Station Suite 948,,43734,,Kansas City,California,Mechanical Engineer,Dentist,17583974460,15592842826,14347917254,2022,11,2023,12
10195,Garrett,Scott,Nguyen,Male,19-11-2005,Scott,Samantha,10-05-1981,"PSC 6313, Box 1789",,54556,,Minneapolis,Iowa,Artist,IT Administrator,16134618509,19702494370,18717469259,2022,10,2023,11
10196,Mary,Paul,Jordan,Female,08-10-2004,Paul,Teresa,21-06-1983,2948 Gail Flat Apt. 302,,49104,,Jacksonville,Iowa,Fitness Instructor,Police Officer,14092717971,14252346294,19983937328,2023,9,2024,10
10197,John,Luke,Smith,Female,31-03-2005,Luke,Angela,06-01-1982,2868 Williams Inlet,,68168,,Arlington,Kansas,Operations Manager,Pharmacist,19672801758,17296835185,14447317326,2022,9,2023,10
10198,Brandon,John,Morgan,Male,22-11-2005,John,Debra,10-01-1978,71686 Gomez Island,,40745,,Mesa,Alabama,Customer Service Representative,Real Estate Agent,16579935129,11347962665,18795211579,2021,10,2022,11
10199,Michael,Matthew,Morris,Female,28-12-2005,Matthew,Judith,11-09-1977,USNS Reynolds,,35278,,Houston,New Hampshire,Journalist,Pharmacist,19999906487,15961406046,17443723242,2022,11,2023,12
10200,Troy,Brian,Austin,Female,23-11-2004,Brian,Kelsey,26-10-1975,746 Nathaniel Run Apt. 019,,75355,,Indianapolis,Wyoming,Writer,Police Officer,11913501028,19592191316,18071018580,2020,11,2021,12
10201,Zachary,Benjamin,Sellers,Female,07-06-2005,Benjamin,Claudia,08-03-1981,5100 Adams Course,,69306,,Phoenix,Washington,Interior Designer,Social Media Manager,12397399167,12163961661,19847487752,2023,10,2024,11
10202,Jasmine,Peter,Jensen,Male,15-06-2004,Peter,Evelyn,08-04-1976,71599 Cunningham Ranch Apt. 371,,60631,,Virginia Beach,Mississippi,Engineer,Pharmacist,15411586058,13535626390,12039511417,2023,9,2024,10
10203,William,Mark,Wright,Female,23-06-2005,Mark,Gina,20-03-1977,2059 Jack Courts Apt. 449,,75338,,Memphis,Illinois,Interior Designer,Social Media Manager,18843195145,14302865978,11174502430,2021,9,2022,10
10204,Julie,Christopher,Ramsey,Female,25-10-2004,Christopher,Alison,16-09-1976,43853 Emily Knolls,,60775,,Virginia Beach,Oregon,Accountant,House Wife,17914238572,15054395415,18944699660,2022,10,2023,11
10205,Samantha,Brandon,Arnold,Female,26-07-2004,Brandon,Gina,28-01-1977,USNV George,,56832,,Louisville,Nevada,Teacher,Real Estate Agent,16101546418,19068331150,15041275871,2020,11,2021,12
10206,Jonathan,Terrance,Garcia,Female,18-10-2004,Terrance,Kelly,02-12-1975,1428 Cunningham Estate Apt. 690,,32660,,Portland,Iowa,Insurance Agent,House Wife,14851386653,13807676550,11178684266,2020,10,2021,11
10207,Lori,James,Fritz,Male,06-11-2004,James,Diane,17-03-1983,6573 Nicole Ports,,34540,,Dallas,Washington,Photographer,Pharmacist,12013281830,14126564963,11843419282,2021,11,2022,12
10208,Joshua,Sean,Shelton,Male,24-01-2005,Sean,Sherry,05-02-1983,16983 Cummings Shoal Suite 486,,49197,,Oakland,South Dakota,Translator,Social Media Manager,16393158495,17815268657,13266661593,2023,10,2024,11
10209,Roger,Cory,Walters,Female,03-08-2005,Cory,Rachel,31-03-1975,629 Lane Parkway,,35536,,Houston,Montana,HR Manager,Real Estate Agent,14781854136,19158127887,17217079169,2022,9,2023,10
10210,Jacob,Michael,Campbell,Male,11-07-2004,Michael,Ashley,29-10-1976,7270 Garcia Rapids Apt. 001,,74436,,Chicago,Vermont,Librarian,Pharmacist,16919371800,16875162329,14695663163,2020,9,2021,10
10211,Megan,Jordan,Nicholson,Female,10-03-2005,Jordan,Leslie,02-03-1980,252 Villarreal Corner,,38508,,"Washington, D.C.",Maryland,Lawyer,House Wife,18152542477,19186131860,15952025803,2021,10,2022,11
10212,Shawn,Joseph,Ellis,Male,29-11-2005,Joseph,Catherine,08-01-1975,168 Robert Summit Apt. 122,,46967,,San Diego,New York,Interior Designer,IT Administrator,15081606570,11785227022,18924589302,2023,11,2024,12
10213,James,Cody,Lopez,Female,10-03-2005,Cody,Nicole,12-05-1980,451 Hicks Ville,,77179,,San Francisco,Idaho,Pilot,IT Administrator,17276138381,16828512643,11183225776,2022,11,2023,12
10214,Alexander,Derek,Rubio,Female,18-09-2004,Derek,Gabrielle,21-07-1976,07364 Davis Drives Apt. 430,,72454,,San Diego,Virginia,Librarian,Event Planner,11172643794,17324563597,13668866510,2022,10,2023,11
10215,Mark,Scott,Trujillo,Male,18-10-2004,Scott,Jessica,10-08-1982,729 Thomas Turnpike,,28615,,Long Beach,Illinois,Customer Service Representative,IT Administrator,17739863575,19421574522,16374181032,2023,9,2024,10
10216,Yesenia,Corey,Valenzuela,Male,24-09-2005,Corey,Kimberly,03-09-1980,857 Judy Harbors,,77419,,Nashville,Utah,Real Estate Agent,IT Administrator,16254152210,17658817872,18623343859,2022,9,2023,10
10217,Heidi,Robert,Ward,Female,29-12-2005,Robert,Amanda,10-02-1977,82861 Mary Loop Suite 642,,28924,,Miami,West Virginia,Mechanical Engineer,Pharmacist,15631857938,14963778202,16436358614,2021,10,2022,11
10218,Tina,Nathan,Spencer,Male,11-12-2005,Nathan,Lisa,01-03-1982,75083 Jones Mountains Suite 885,,52998,,Boston,Kansas,Doctor,Social Media Manager,14071245327,18765235028,19306238393,2022,11,2023,12
10219,Samantha,Wayne,Griffith,Female,28-11-2005,Wayne,Susan,06-07-1976,325 Jacqueline Plaza,,75701,,Los Angeles,New Jersey,Mechanical Engineer,Social Media Manager,16613954310,11793226222,19942855826,2020,11,2021,12
10220,Teresa,Jeremy,Romero,Male,09-08-2005,Jeremy,Elizabeth,23-09-1981,"PSC 0081, Box 9168",,49858,,Fort Worth,California,Event Planner,House Wife,16869439744,17633232132,15696169669,2023,10,2024,11
10221,Tony,Anthony,Spears,Female,10-06-2005,Anthony,Theresa,06-03-1978,839 Jeanette Greens,,47028,,Atlanta,Iowa,Artist,Pharmacist,13944028352,14423487901,11297155209,2023,9,2024,10
10222,Breanna,James,Glass,Male,13-06-2005,James,Nancy,23-03-1982,870 Antonio Roads,,49381,,Omaha,Idaho,Pilot,IT Administrator,18661601980,18129869632,14214839287,2021,9,2022,10
10223,Julia,Matthew,Young,Female,17-08-2004,Matthew,Jennifer,03-06-1983,300 Smith Square Apt. 200,,25632,,Jacksonville,Missouri,Security Guard,House Wife,18087033446,17421787378,12867214122,2022,10,2023,11
10224,Linda,David,Fritz,Male,19-10-2004,David,Nichole,20-02-1977,68475 Woods Village Suite 873,,44084,,Chicago,Arkansas,Customer Service Representative,IT Administrator,18832668353,13451409194,15039127526,2020,11,2021,12
10225,Karen,Joseph,Nunez,Male,16-04-2005,Joseph,Ann,06-11-1977,43341 Jeffrey Harbor,,52855,,Columbus,Virginia,HR Manager,Police Officer,11895006652,18295497108,16437738152,2020,10,2021,11
10226,Erin,Robert,Mclean,Female,20-11-2004,Robert,Kathy,14-07-1977,81581 Bailey Fields,,50215,,Indianapolis,South Dakota,Operations Manager,Dentist,11289452248,14419915419,17946937706,2021,11,2022,12
10227,Laura,Robert,Baird,Female,29-05-2005,Robert,Jill,30-05-1982,677 Marquez Street,,69389,,Raleigh,New Jersey,Project Manager,Event Planner,18434791152,19083598279,11473506037,2023,10,2024,11
10228,Michele,Jeremiah,Velazquez,Male,30-10-2004,Jeremiah,Samantha,31-01-1983,7195 Cardenas Crescent Apt. 953,,39697,,Memphis,South Dakota,Police Officer,Police Officer,16635106544,18276332043,18207966489,2022,9,2023,10
10229,Jessica,Jerry,Jordan,Male,27-02-2005,Jerry,Vanessa,31-10-1981,959 Krystal Course,,43290,,New Orleans,Hawaii,Teacher,Social Media Manager,13362742889,12171482421,12755498788,2020,9,2021,10
10230,Taylor,Jack,Marshall,Male,12-03-2004,Jack,Isabel,31-07-1976,387 Michael Harbors Suite 456,,33672,,New Orleans,West Virginia,Social Media Manager,Real Estate Agent,15895441927,19248654783,19018231249,2021,10,2022,11
10231,Raymond,Jeremiah,Berry,Male,04-09-2004,Jeremiah,Rachel,13-05-1982,46701 Oneal Pike Suite 199,,68404,,Fort Worth,Alaska,Translator,IT Administrator,18051495800,15118779092,18677255282,2023,11,2024,12
10232,Joel,Clifford,Bautista,Female,13-11-2004,Clifford,Kendra,22-12-1975,95049 Leah Ville,,40236,,Denver,Delaware,Flight Attendant,Pharmacist,13571142650,13364339882,15736385728,2022,11,2023,12
10233,Lori,Ernest,Black,Male,22-05-2004,Ernest,Kim,03-10-1983,6300 Miller Run Apt. 413,,39022,,Columbus,Tennessee,Pilot,House Wife,17001898295,13605106311,18707909480,2022,10,2023,11
10234,Dennis,Randy,Harris,Male,28-08-2005,Randy,Victoria,03-01-1975,1238 Chung Lock,,32467,,San Jose,Wyoming,Marketing Specialist,Police Officer,19222575386,13012083141,19923727270,2023,9,2024,10
10235,Angelica,Matthew,Cox,Male,11-09-2005,Matthew,Michelle,17-07-1978,04832 Davis Shoals Apt. 344,,47371,,San Diego,Kentucky,Architect,Event Planner,15747648944,14784361224,14479702171,2022,9,2023,10
10236,Keith,Russell,Patel,Male,06-10-2004,Russell,Emily,09-05-1977,88171 Wallace Land Apt. 121,,52845,,Minneapolis,Iowa,Chef,Police Officer,16506418918,16609555843,11855693517,2021,10,2022,11
10237,Bruce,Johnny,Hall,Female,23-01-2004,Johnny,Janet,18-10-1981,6228 Shelby Ports,,71727,,Oklahoma City,Alabama,Software Developer,Police Officer,15258716752,14958967299,15293743597,2022,11,2023,12
10238,Andrea,William,Graham,Female,16-12-2005,William,Amy,09-10-1976,USS Cervantes,,51705,,Dallas,Illinois,Marketing Specialist,Real Estate Agent,17134095614,16298435906,18714468649,2020,11,2021,12
10239,Daniel,Cory,Walker,Female,12-11-2004,Cory,Wendy,18-02-1977,447 Joseph Shoal,,39785,,Fresno,Hawaii,Construction Worker,House Wife,17595172514,17949438027,15572408602,2023,10,2024,11
10240,Emily,James,Phillips,Female,26-07-2005,James,Jennifer,11-11-1982,3513 Natasha Island Suite 787,,69066,,Colorado Springs,Rhode Island,Construction Worker,Event Planner,16714277487,18298483884,16722896057,2023,9,2024,10
10241,Patrick,Andre,Jimenez,Male,04-11-2005,Andre,Elizabeth,16-08-1976,9105 Ashley Pines Suite 668,,32513,,New York City,Idaho,Entrepreneur,IT Administrator,14264141326,18608245188,16843508467,2021,9,2022,10
10242,Alexander,Michael,Owens,Male,14-02-2004,Michael,Stephanie,01-09-1977,9585 Poole Motorway,,69831,,Dallas,New Mexico,Writer,Pharmacist,12425356181,15092342937,16586055904,2022,10,2023,11
10243,Nicholas,Mark,Harris,Female,26-10-2005,Mark,Michele,13-05-1975,61259 Moore Walk Apt. 186,,54414,,Louisville,Iowa,Financial Analyst,Social Media Manager,16547913145,13497562791,16588273176,2020,11,2021,12
10244,Randy,Justin,Alexander,Male,19-09-2005,Justin,Samantha,30-01-1979,685 Harris Fields Suite 758,,31911,,Louisville,South Dakota,Journalist,IT Administrator,14562387798,19473091165,18231549677,2020,10,2021,11
10245,Luke,Brandon,Morrow,Female,26-11-2005,Brandon,Sabrina,28-11-1977,81822 Stewart View,,67635,,San Francisco,Alabama,Lawyer,Dentist,17658514753,14005705211,14407528411,2021,11,2022,12
10246,Heather,Jacob,Davis,Male,09-12-2004,Jacob,Amber,17-09-1983,79112 Roy Mill,,41873,,Tulsa,Louisiana,Construction Worker,IT Administrator,13194356954,14374639265,11562409984,2023,10,2024,11
10247,Gerald,George,Evans,Female,21-06-2005,George,Sarah,17-10-1981,96062 Margaret Ville Apt. 788,,47791,,Tulsa,California,Electrician,Real Estate Agent,18473712599,13025629461,16089523651,2022,9,2023,10
10248,Stephen,David,Parsons,Male,27-05-2004,David,Sandra,04-01-1981,4309 Valenzuela Tunnel Apt. 370,,37698,,Baltimore,Hawaii,Electrician,Pharmacist,13976316861,12072297023,16749067839,2020,9,2021,10
10249,Nicole,Jeffrey,Bryant,Male,17-05-2004,Jeffrey,Mary,05-04-1977,898 Christine Lakes Apt. 028,,52304,,Las Vegas,Virginia,Photographer,IT Administrator,14543599305,16995598511,16628429124,2021,10,2022,11
10250,Lucas,Jeremy,Mendoza,Male,02-09-2005,Jeremy,Jennifer,23-03-1982,8723 George Ways,,47300,,Long Beach,South Dakota,Chef,IT Administrator,15831542742,19286554472,18195376461,2023,11,2024,12
10251,Janet,Michael,Garcia,Female,17-09-2004,Michael,Katherine,20-11-1977,1600 Lopez Island Suite 979,,72958,,Tulsa,Mississippi,Artist,Pharmacist,14122629961,15604738903,16853303584,2022,11,2023,12
10252,Christopher,Andrew,Molina,Male,30-06-2004,Andrew,Brenda,19-06-1983,3719 Wiley Station Suite 184,,51084,,Charlotte,New York,Retail Store Manager,Social Media Manager,14207428259,15247811900,13022234572,2022,10,2023,11
10253,Randy,Joshua,Patel,Male,09-02-2004,Joshua,Kimberly,12-11-1976,3214 King Walks Suite 725,,60598,,Dallas,Nebraska,Chef,Real Estate Agent,18914469025,13322408264,14726928410,2023,9,2024,10
10254,David,Justin,Miller,Male,16-05-2005,Justin,Kim,14-09-1980,8364 Brenda Junctions Apt. 062,,34114,,New York City,Arkansas,Construction Worker,Police Officer,13182587993,11183185259,19488272773,2022,9,2023,10
10255,Julie,Justin,Dawson,Male,12-08-2005,Justin,Kelsey,30-10-1983,6286 Hickman Prairie,,63006,,"Washington, D.C.",Maryland,Accountant,Social Media Manager,14731765586,11516815556,18956615961,2021,10,2022,11
10256,Robin,Nicholas,Jenkins,Male,17-07-2005,Nicholas,Jessica,24-11-1982,17332 Robert Shoals,,44057,,Oklahoma City,Arkansas,Police Officer,Police Officer,13709157071,13387432288,19605677435,2022,11,2023,12
10257,Krista,Matthew,Davis,Female,05-04-2005,Matthew,Katherine,29-11-1977,86536 Sanchez Parkway,,64447,,Houston,Alaska,Teacher,Social Media Manager,15165417385,15573825909,13289281582,2020,11,2021,12
10258,Melissa,Brian,Porter,Male,29-06-2005,Brian,Crystal,22-11-1979,"PSC 9690, Box 5750",,64250,,Arlington,Georgia,Banker,Dentist,13401873933,14023348374,14921176043,2023,10,2024,11
10259,Jodi,Christopher,Pope,Male,17-08-2005,Christopher,Denise,21-08-1978,0596 Lee Haven,,28226,,Minneapolis,Louisiana,Web Designer,Pharmacist,12254376336,13722907720,13843041278,2023,9,2024,10
10260,Christopher,Jeffrey,Deleon,Male,12-10-2005,Jeffrey,Tracy,25-11-1982,58716 Smith Village Apt. 762,,52115,,Louisville,Missouri,Police Officer,House Wife,16636316197,19874005694,12199073704,2021,9,2022,10
10261,Shelly,Robert,Warren,Female,19-10-2004,Robert,Tiffany,09-10-1982,7591 Nicole Prairie Suite 105,,29321,,New York City,Tennessee,Retail Store Manager,Dentist,16888189950,19376572905,11736333426,2022,10,2023,11
10262,Elizabeth,Samuel,Hall,Female,14-04-2005,Samuel,Danielle,06-10-1980,Unit 3600 Box 1118,,75839,,Albuquerque,California,Product Manager,IT Administrator,17227815296,15978215462,14797174252,2020,11,2021,12
10263,Gary,Trevor,Hill,Female,03-12-2005,Trevor,Katie,20-03-1977,578 Romero Ways,,39533,,Dallas,Tennessee,Nurse,Police Officer,14778148657,18058005723,14392178973,2020,10,2021,11
10264,Glen,Steven,Lin,Male,05-10-2004,Steven,Jill,29-12-1976,2703 Blackburn Knoll Suite 545,,40629,,Sacramento,New Jersey,Architect,Event Planner,16843043041,11789885095,12867228815,2021,11,2022,12
10265,Tiffany,Rodney,Hansen,Male,07-06-2004,Rodney,Deborah,05-01-1981,20317 Jonathan Harbors Suite 396,,51984,,Kansas City,Indiana,Dentist,Pharmacist,13664487565,19942241779,14087901358,2023,10,2024,11
10266,Erin,Joseph,Pierce,Male,27-12-2005,Joseph,Allison,04-10-1979,031 Oliver Highway,,27208,,Wichita,Arizona,IT Administrator,House Wife,15871423854,15569936377,11474346658,2022,9,2023,10
10267,Christopher,Jason,Hunter,Male,04-07-2005,Jason,Melissa,13-05-1981,Unit 0254 Box 8269,,77631,,Long Beach,Louisiana,Interior Designer,Social Media Manager,18565667057,13449994802,18346762433,2020,9,2021,10
10268,Mary,John,Murray,Female,21-02-2004,John,Abigail,04-02-1979,5106 Howard Drives Apt. 775,,66625,,Memphis,Iowa,Librarian,Event Planner,12007669199,14524339965,19189001751,2021,10,2022,11
10269,Joshua,Shannon,Kemp,Female,17-03-2004,Shannon,Deborah,30-12-1980,USCGC Sawyer,,76865,,Sacramento,Pennsylvania,Nurse,Dentist,16648269556,15544578581,14388228295,2023,11,2024,12
10270,Denise,Kyle,Moss,Female,01-03-2004,Kyle,Tiffany,26-03-1977,USNV Serrano,,61738,,Dallas,Wyoming,Teacher,IT Administrator,18447944387,17531971372,15165701823,2022,11,2023,12
10271,Miranda,Jonathan,Harris,Female,19-01-2004,Jonathan,Valerie,07-01-1981,6952 Oliver Lights,,51889,,Houston,Mississippi,Teacher,Police Officer,12919502283,14621971745,11154101229,2022,10,2023,11
10272,Jeffrey,Scott,Whitney,Female,09-01-2005,Scott,Adrienne,29-08-1979,726 Smith Tunnel,,46005,,Raleigh,Oklahoma,Veterinarian,Event Planner,17687466875,13536124786,18665747632,2023,9,2024,10
10273,Melissa,Robert,Gonzalez,Male,18-03-2005,Robert,Bonnie,21-06-1980,5882 Wheeler Greens Suite 826,,63775,,Oklahoma City,Ohio,Police Officer,Police Officer,14644884471,16087246936,14478258262,2022,9,2023,10
10274,Victoria,John,Williams,Female,13-03-2004,John,Cindy,05-08-1981,3921 Weeks Creek Suite 791,,48881,,Dallas,Nebraska,Architect,Event Planner,16089112842,19794502001,14023651475,2021,10,2022,11
10275,Megan,Paul,Dillon,Female,12-03-2005,Paul,Danielle,03-06-1980,7691 Daniel Greens Suite 466,,35240,,Nashville,Michigan,Software Developer,IT Administrator,11244456630,11929767429,13773036874,2022,11,2023,12
10276,James,Larry,Martinez,Male,28-03-2004,Larry,Roberta,19-08-1976,092 Reese Forges Suite 328,,41946,,Wichita,Hawaii,Marketing Specialist,Event Planner,15371109277,18768461633,14395939382,2020,11,2021,12
10277,Mallory,Shannon,Salazar,Female,22-08-2004,Shannon,Tiffany,20-06-1975,Unit 6267 Box 4131,,59588,,Mesa,Hawaii,Veterinarian,Pharmacist,14519444450,11989437708,15941156022,2023,10,2024,11
10278,David,Juan,Jacobs,Male,10-06-2005,Juan,Jennifer,04-08-1980,72492 Teresa Shoals,,44309,,Oakland,South Dakota,Customer Service Representative,Police Officer,12092338593,11151166714,18261173573,2023,9,2024,10
10279,Kristen,Bruce,Price,Male,14-10-2005,Bruce,Diane,02-03-1981,7471 Donna Falls,,54760,,Oakland,Vermont,Customer Service Representative,Event Planner,15694469274,11595032885,11783436498,2021,9,2022,10
10280,Ronald,Larry,Hayes,Male,12-01-2004,Larry,Brittany,26-02-1981,8418 Beard Ramp Suite 793,,52303,,Oklahoma City,Ohio,Data Analyst,Social Media Manager,19637883530,19425218438,15984046468,2022,10,2023,11
10281,Briana,Kevin,Sexton,Female,12-02-2005,Kevin,Kimberly,07-07-1983,42380 Sanders Points Apt. 908,,66441,,Portland,Hawaii,Dentist,Pharmacist,17528012229,13685187993,12317879867,2020,11,2021,12
10282,Jacob,John,George,Male,24-09-2005,John,Karen,04-03-1982,563 Collins Hills,,49472,,San Antonio,New York,Insurance Agent,Pharmacist,14152712774,12057328751,13626718974,2020,10,2021,11
10283,Jeffery,Ronald,Reid,Male,19-01-2005,Ronald,Samantha,05-10-1981,988 Benjamin Summit,,54003,,Philadelphia,South Carolina,Writer,House Wife,14289011517,12104975620,12854169064,2021,11,2022,12
10284,Julia,Anthony,Scott,Female,22-09-2005,Anthony,Anna,17-04-1977,289 Torres Plaza,,57623,,Boston,South Dakota,Social Media Manager,Social Media Manager,11813353268,12169266426,14445613813,2023,10,2024,11
10285,Ryan,Mason,Chapman,Female,15-07-2005,Mason,Debra,15-05-1982,340 Harrison Station,,69804,,Wichita,Nebraska,Social Media Manager,Event Planner,19611222117,11025559496,11569342856,2022,9,2023,10
10286,Denise,Charles,Walsh,Male,19-03-2005,Charles,Diane,10-09-1980,157 Daniel Trafficway Apt. 139,,46103,,Las Vegas,Wyoming,Photographer,Dentist,15313563140,11017412460,12319817380,2020,9,2021,10
10287,Ricardo,James,Robinson,Male,01-05-2004,James,Michelle,07-06-1982,965 Joseph Tunnel,,54887,,Charlotte,Vermont,Mechanical Engineer,Pharmacist,19002747055,19929855516,17845645807,2021,10,2022,11
10288,Kristen,Alan,Frost,Male,12-06-2005,Alan,Jessica,28-08-1975,7452 Martin Plain Suite 266,,48742,,Oklahoma City,Tennessee,Artist,Dentist,14853379260,16887715543,14503538973,2023,11,2024,12
10289,Micheal,Daniel,Wong,Female,27-01-2004,Daniel,Annette,27-12-1976,436 Frank Cliffs Apt. 880,,33089,,Fort Worth,Arizona,Interior Designer,Event Planner,16704795624,18693346898,11547839222,2022,11,2023,12
10290,Dana,Ronald,Riggs,Male,02-04-2005,Ronald,Katherine,04-07-1983,3225 Anne Alley Apt. 708,,45293,,El Paso,Indiana,Fitness Instructor,Pharmacist,17693218415,15747045811,14561732214,2022,10,2023,11
10291,Jennifer,Jonathan,Murray,Female,07-08-2005,Jonathan,Rachel,08-11-1975,99157 Leslie Shoal Suite 559,,45607,,New York City,Tennessee,Insurance Agent,IT Administrator,12815459538,14744589376,18488392057,2023,9,2024,10
10292,Michael,Trevor,Smith,Female,28-09-2005,Trevor,Stephanie,06-06-1977,102 Melissa Drives Suite 388,,74005,,Dallas,Washington,Artist,Police Officer,16146967212,12652173341,14337392778,2022,9,2023,10
10293,Vanessa,Charles,Odom,Female,12-10-2004,Charles,Amy,06-01-1977,20816 Robinson Island Suite 654,,54530,,Chicago,Maryland,Web Designer,Pharmacist,16825984976,17298041843,11543603623,2021,10,2022,11
10294,Elizabeth,Mark,Owens,Male,15-06-2005,Mark,Jackie,13-02-1981,89365 Walsh Coves Apt. 766,,60104,,Virginia Beach,Georgia,Product Manager,Dentist,13402582607,19857768394,17805667349,2022,11,2023,12
10295,Pamela,Craig,Reed,Male,16-11-2005,Craig,Rita,02-01-1982,508 Watkins Brook Suite 389,,69703,,El Paso,Florida,Pharmacist,Police Officer,17867277819,14011286001,11827745699,2020,11,2021,12
10296,Lisa,Kyle,Wilson,Female,23-03-2004,Kyle,Theresa,20-10-1979,6295 Cruz Mall,,59406,,Louisville,Michigan,Software Developer,Social Media Manager,11957668462,17547073173,18798843892,2023,10,2024,11
10297,Jeremy,Tom,Johnson,Female,07-02-2004,Tom,Sandra,22-05-1983,93912 Duane Valley Suite 077,,78151,,Miami,Oklahoma,Data Analyst,IT Administrator,13362917467,15363056782,12396756384,2023,9,2024,10
10298,Deborah,Michael,Carter,Male,02-04-2004,Michael,Victoria,01-06-1983,50769 Brianna Throughway Apt. 106,,64791,,San Diego,Connecticut,Engineer,Police Officer,11213237378,14838755061,12603451264,2021,9,2022,10
10299,Melissa,Robert,Johnson,Male,17-12-2004,Robert,Michelle,14-07-1975,002 Young Pine,,76178,,Kansas City,Colorado,Insurance Agent,Pharmacist,16254438108,14436447999,12764609719,2022,10,2023,11
10300,Matthew,Jaime,Townsend,Male,08-12-2004,Jaime,Katie,12-03-1980,4930 Grant Meadow Apt. 338,,39286,,Virginia Beach,Idaho,Real Estate Agent,House Wife,12186709249,12086592978,16699242056,2020,11,2021,12
10301,Mary,Timothy,Hendricks,Female,13-03-2004,Timothy,Melissa,04-08-1977,8763 Lauren Fall,,32009,,Chicago,Arizona,Photographer,Police Officer,13306146179,12316249432,17106107248,2020,10,2021,11
10302,Jennifer,Larry,Gardner,Male,29-06-2004,Larry,Sarah,06-04-1979,Unit 9510 Box 2224,,40517,,Raleigh,Illinois,Product Manager,Real Estate Agent,16282555197,16285086904,14144184630,2021,11,2022,12
10303,Christopher,Kyle,Bright,Female,22-06-2004,Kyle,Tara,25-10-1980,52245 Kimberly Underpass,,52289,,Sacramento,Nevada,Photographer,Real Estate Agent,14975817829,11907543123,15221684042,2023,10,2024,11
10304,Laurie,Kevin,Marshall,Male,08-12-2005,Kevin,Cynthia,16-11-1979,41937 King Junction,,58911,,"Washington, D.C.",Washington,Marketing Specialist,Social Media Manager,12461063539,13368838813,12696268910,2022,9,2023,10
10305,Travis,Bryan,Gallagher,Female,27-05-2004,Bryan,Vanessa,24-04-1979,"PSC 9456, Box 8848",,51193,,Wichita,Hawaii,Project Manager,House Wife,18102483545,16239475727,18486789445,2020,9,2021,10
10306,John,Jason,Rowe,Female,15-09-2004,Jason,Alexis,17-01-1977,338 Adams Drive,,71584,,Indianapolis,Indiana,Pharmacist,Real Estate Agent,16307438194,13111663730,11286592429,2021,10,2022,11
10307,Christy,Thomas,Campbell,Male,29-09-2004,Thomas,Shelly,19-01-1981,825 Burch Landing,,77492,,New York City,Colorado,Retail Store Manager,Real Estate Agent,15058963275,16934257837,15195007089,2023,11,2024,12
10308,Cynthia,Billy,Schneider,Female,14-11-2005,Billy,Michelle,13-02-1975,05210 Diane Track Suite 740,,75326,,Seattle,Washington,Dentist,Real Estate Agent,13977353394,13501749467,11249042587,2022,11,2023,12
10309,Lee,Gary,Castillo,Male,22-07-2004,Gary,Kathleen,30-04-1979,716 Jones Manors,,64007,,New Orleans,Illinois,Pilot,House Wife,16544017335,19066336103,15429153226,2022,10,2023,11
10310,Ryan,Sean,Brady,Female,06-01-2005,Sean,Tracy,08-12-1983,9330 Michelle Pine,,54639,,San Jose,Delaware,Chef,IT Administrator,19493946819,16912344100,15249256595,2023,9,2024,10
10311,John,Matthew,Anderson,Male,26-08-2004,Matthew,Judith,10-01-1979,Unit 1427 Box 2867,,64946,,Memphis,Nebraska,HR Manager,Social Media Manager,19494752556,18324396147,16664405650,2022,9,2023,10
10312,Marcus,Wesley,Wilson,Female,04-10-2005,Wesley,Amanda,08-09-1982,"PSC 3676, Box 4092",,74078,,Charlotte,Wyoming,Sales Manager,Pharmacist,19498782278,13887212471,15006228043,2021,10,2022,11
10313,Alyssa,James,Parker,Male,27-07-2005,James,Beverly,27-10-1979,36455 Faulkner Valleys,,32086,,Houston,Massachusetts,Engineer,House Wife,17016926263,17554635187,17271904152,2022,11,2023,12
10314,Kaitlyn,Henry,Morales,Female,18-04-2004,Henry,Erika,30-06-1983,2878 Debra View,,69295,,New Orleans,New Hampshire,Electrician,Real Estate Agent,15308321564,12923474935,15602687387,2020,11,2021,12
10315,Glenn,Frank,Meyers,Male,30-03-2005,Frank,Karen,08-01-1981,0848 Lara Courts,,63339,,Las Vegas,South Carolina,Insurance Agent,Social Media Manager,15007362169,11474802805,18817859948,2023,10,2024,11
10316,Chelsea,Benjamin,Allen,Female,27-09-2005,Benjamin,Selena,02-05-1981,6942 John Walks Apt. 405,,46740,,Miami,Arkansas,Police Officer,House Wife,11319652471,12258722726,18206927958,2023,9,2024,10
10317,Mary,Christopher,Young,Male,14-08-2004,Christopher,Susan,16-10-1978,"PSC 9529, Box 7811",,57897,,Dallas,Arizona,Retail Store Manager,House Wife,12933449463,19659908604,19061783751,2021,9,2022,10
10318,Laura,Danny,Walker,Female,04-10-2004,Danny,Debra,21-12-1982,32522 Khan Fork Apt. 206,,77034,,San Francisco,Missouri,Entrepreneur,Real Estate Agent,15956897307,18558235834,12295951636,2022,10,2023,11
10319,Edward,Jeffrey,Smith,Female,15-11-2005,Jeffrey,Ellen,14-07-1976,6265 Ray Hill,,63924,,Wichita,Texas,Translator,Real Estate Agent,17242157223,13929098778,14018505298,2020,11,2021,12
10320,Jessica,Ricardo,Gray,Male,10-05-2004,Ricardo,Sandra,25-08-1979,703 Marsh Estates Apt. 119,,57581,,Tucson,Colorado,Security Guard,IT Administrator,13339871317,14933286869,14821947929,2020,10,2021,11
10321,Seth,Donald,Smith,Female,24-06-2005,Donald,Jennifer,07-09-1982,74645 Martinez View,,58692,,Columbus,Iowa,Construction Worker,Police Officer,13003091754,17324831885,17853252419,2021,11,2022,12
10322,Amanda,Joel,Caldwell,Female,18-11-2005,Joel,Cynthia,25-02-1982,49978 Wagner Unions,,53876,,San Diego,Illinois,Writer,Social Media Manager,17584327143,11253584031,14982656416,2023,10,2024,11
10323,Christine,James,Clark,Female,23-12-2004,James,Katelyn,24-12-1977,97832 Austin Fork Suite 044,,31755,,New Orleans,Missouri,Police Officer,Event Planner,19501126044,12333053923,18857252971,2022,9,2023,10
10324,Shawn,Trevor,Daugherty,Male,24-08-2005,Trevor,Laura,22-08-1979,65147 Lori Islands,,77945,,Oklahoma City,New Hampshire,Dentist,Social Media Manager,11346499070,17971983194,12927066060,2020,9,2021,10
10325,Brandi,Paul,Moore,Male,12-01-2005,Paul,Jennifer,02-04-1981,USS Pacheco,,34446,,Wichita,Oklahoma,Translator,Police Officer,13783144153,12305245547,12168397504,2021,10,2022,11
10326,Martin,Michael,Gillespie,Female,29-04-2005,Michael,Tammy,23-02-1981,Unit 8826 Box 6079,,36793,,Indianapolis,New Hampshire,Project Manager,Police Officer,15813325619,16626191539,17355379168,2023,11,2024,12
10327,Steven,Daryl,Wallace,Male,12-08-2004,Daryl,Janice,08-12-1977,901 Marissa Plaza,,40054,,Austin,Ohio,Pilot,Pharmacist,16088693298,12413173009,19515445157,2022,11,2023,12
10328,Michael,Juan,Payne,Male,28-09-2005,Juan,Jennifer,02-02-1983,59546 Taylor Flat,,28840,,Detroit,Oregon,Web Designer,Real Estate Agent,18774355238,15903073086,11086966391,2022,10,2023,11
10329,Jessica,Stephen,Russell,Male,27-03-2004,Stephen,Danielle,17-09-1981,8382 Jonathan Corners,,48656,,Kansas City,Massachusetts,Photographer,Pharmacist,19134481403,13572332776,12563664609,2023,9,2024,10
10330,Steven,Oscar,Kemp,Female,10-09-2005,Oscar,Lisa,22-06-1982,0039 Nicholas Course,,50418,,Louisville,Alabama,Flight Attendant,Social Media Manager,15325786337,19317244872,18884149745,2022,9,2023,10
10331,Holly,Albert,Davis,Male,04-06-2004,Albert,Andrea,22-02-1981,"PSC 2634, Box 8558",,46372,,Raleigh,Massachusetts,Electrician,Police Officer,14968189614,15584666462,19039008641,2021,10,2022,11
10332,William,Justin,Gates,Male,25-08-2005,Justin,Robin,01-09-1976,3989 Michael Row,,38138,,"Washington, D.C.",Minnesota,Financial Analyst,IT Administrator,12356719097,14624179663,11556997635,2022,11,2023,12
10333,Randy,Michael,King,Male,08-08-2005,Michael,Gloria,24-12-1983,137 Sparks Hollow,,35212,,San Antonio,Washington,Banker,Police Officer,19535303269,18732839676,15495949074,2020,11,2021,12
10334,Paul,Matthew,Martinez,Female,28-11-2005,Matthew,Megan,23-10-1980,USS Patel,,68707,,San Jose,Utah,Social Media Manager,IT Administrator,14495211028,18909071128,18057295146,2023,10,2024,11
10335,Amy,Nicholas,Craig,Female,23-01-2004,Nicholas,Kristine,04-06-1982,USCGC Evans,,38639,,Mesa,Iowa,Writer,IT Administrator,11188227927,12517004940,16955993591,2023,9,2024,10
10336,Shelly,Thomas,Smith,Female,06-08-2004,Thomas,April,09-05-1982,159 Carl Green,,77340,,Colorado Springs,Tennessee,Software Developer,Pharmacist,18651797990,18344058710,13039304059,2021,9,2022,10
10337,Kristin,Steve,Roberts,Male,18-03-2004,Steve,Terry,09-12-1981,5590 Tara Causeway Apt. 167,,38110,,Philadelphia,Connecticut,Graphic Designer,Police Officer,16688446196,15161259763,19765092096,2022,10,2023,11
10338,Margaret,Grant,Jefferson,Female,04-01-2004,Grant,Katherine,02-03-1980,9006 Anthony Mountains,,64937,,El Paso,North Dakota,Veterinarian,IT Administrator,11692512124,19204408848,16656341025,2020,11,2021,12
10339,Tammie,Joseph,Rodriguez,Female,02-06-2004,Joseph,Andrea,20-10-1983,11003 Samantha Haven Suite 328,,30767,,San Diego,Rhode Island,Real Estate Agent,Police Officer,15128095565,14298184649,16948751372,2020,10,2021,11
10340,John,Jason,Burton,Female,10-08-2005,Jason,Christina,03-07-1982,0333 Wayne Fords Suite 352,,70044,,Portland,Maryland,Nurse,Pharmacist,16345611338,19759693052,17746348708,2021,11,2022,12
10341,James,James,Miller,Male,02-02-2004,James,Melissa,06-07-1976,96350 Shannon Brook,,44116,,Kansas City,Vermont,Journalist,Pharmacist,17795169102,14813965970,15959118620,2023,10,2024,11
10342,Erica,Rodney,Campbell,Male,01-12-2004,Rodney,Melissa,06-09-1983,073 Michael Parkways Apt. 231,,71866,,Tucson,North Dakota,Doctor,Pharmacist,12134406750,15738943003,17638169615,2022,9,2023,10
10343,Kevin,Phillip,Holmes,Female,15-03-2005,Phillip,Cynthia,09-10-1980,4038 Smith Port Suite 643,,46450,,Seattle,Oregon,Doctor,Real Estate Agent,14424493505,16346971248,18021469403,2020,9,2021,10
10344,Christina,Joel,Robertson,Male,01-08-2004,Joel,Hannah,31-07-1979,1812 Edwin Forks,,37523,,San Antonio,New York,Entrepreneur,House Wife,12736846212,11801491280,14893108065,2021,10,2022,11
10345,Janet,Richard,Wilkins,Male,26-08-2004,Richard,Ashley,19-04-1975,51192 Victor Forges,,65748,,Memphis,Michigan,Retail Store Manager,House Wife,12908309787,19841911683,13301112637,2023,11,2024,12
10346,Thomas,James,Robinson,Male,19-12-2004,James,Julia,29-10-1983,45370 John Circles Suite 952,,30379,,Las Vegas,North Dakota,Web Designer,Event Planner,12838358272,19225899653,11823838842,2022,11,2023,12
10347,Amy,Kevin,Thomas,Male,12-03-2004,Kevin,Melinda,12-05-1980,672 Randy Row,,45922,,Long Beach,Michigan,Photographer,House Wife,17533659604,14629355631,12491785602,2022,10,2023,11
10348,Richard,Daniel,Mitchell,Female,06-06-2004,Daniel,Katherine,26-07-1981,65700 Vaughn Overpass,,45084,,Wichita,Rhode Island,Project Manager,IT Administrator,17003432457,18909462487,15034629704,2023,9,2024,10
10349,Jason,Russell,Taylor,Female,07-06-2004,Russell,Stephanie,21-11-1983,224 John Village Apt. 366,,46139,,Charlotte,Florida,Accountant,IT Administrator,12817096749,12287141091,16217128526,2022,9,2023,10
10350,Brenda,Matthew,Diaz,Female,30-03-2004,Matthew,Amanda,22-03-1976,886 Robinson Lodge Apt. 606,,74084,,Mesa,New York,Pharmacist,Social Media Manager,14692259306,18524016499,16061119353,2021,10,2022,11
