AcademicYear,Class,Section,Subject,ExamType,TotalMarks,RollNo,MarksObtained
2022-2023,11,A,Mathematics,Midterm,40,84,28
2022-2023,11,A,Mathematics,Final Term,60,84,55
2022-2023,11,A,Science,Midterm,40,84,23
2022-2023,11,A,Science,Final Term,60,84,52
2022-2023,11,A,English,Midterm,40,84,39
2022-2023,11,A,English,Final Term,60,84,49
2022-2023,12,B,History,Midterm,40,40,39
2022-2023,12,B,History,Final Term,60,40,48
2022-2023,12,B,Mathematics,Midterm,40,40,35
2022-2023,12,B,Mathematics,Final Term,60,40,52
2022-2023,12,B,Science,Midterm,40,40,32
2022-2023,12,B,Science,Final Term,60,40,32
2022-2023,12,A,English,Midterm,40,17,21
2022-2023,12,A,English,Final Term,60,17,42
2022-2023,12,A,History,Midterm,40,17,16
2022-2023,12,A,History,Final Term,60,17,32
2022-2023,12,A,Mathematics,Midterm,40,17,18
2022-2023,12,A,Mathematics,Final Term,60,17,32
2022-2023,12,B,Science,Midterm,40,41,30
2022-2023,12,B,Science,Final Term,60,41,26
2022-2023,12,B,English,Midterm,40,41,25
2022-2023,12,B,English,Final Term,60,41,45
2022-2023,12,B,History,Midterm,40,41,17
2022-2023,12,B,History,Final Term,60,41,32
2022-2023,9,B,Mathematics,Midterm,40,85,19
2022-2023,9,B,Mathematics,Final Term,60,85,25
2022-2023,9,B,Science,Midterm,40,85,27
2022-2023,9,B,Science,Final Term,60,85,28
2022-2023,9,B,English,Midterm,40,85,23
2022-2023,9,B,English,Final Term,60,85,27
2022-2023,9,B,History,Midterm,40,51,36
2022-2023,9,B,History,Final Term,60,51,25
2022-2023,9,B,Mathematics,Midterm,40,51,30
2022-2023,9,B,Mathematics,Final Term,60,51,52
2022-2023,9,B,Science,Midterm,40,51,39
2022-2023,9,B,Science,Final Term,60,51,52
2022-2023,12,A,English,Midterm,40,25,32
2022-2023,12,A,English,Final Term,60,25,50
2022-2023,12,A,History,Midterm,40,25,32
2022-2023,12,A,History,Final Term,60,25,26
2022-2023,12,A,Mathematics,Midterm,40,25,23
2022-2023,12,A,Mathematics,Final Term,60,25,41
2022-2023,9,B,Science,Midterm,40,37,30
2022-2023,9,B,Science,Final Term,60,37,37
2022-2023,9,B,English,Midterm,40,37,36
2022-2023,9,B,English,Final Term,60,37,49
2022-2023,9,B,History,Midterm,40,37,19
2022-2023,9,B,History,Final Term,60,37,31
2022-2023,12,A,Mathematics,Midterm,40,79,24
2022-2023,12,A,Mathematics,Final Term,60,79,53
2022-2023,12,A,Science,Midterm,40,79,22
2022-2023,12,A,Science,Final Term,60,79,53
2022-2023,12,A,English,Midterm,40,79,15
2022-2023,12,A,English,Final Term,60,79,59
2022-2023,11,A,History,Midterm,40,86,38
2022-2023,11,A,History,Final Term,60,86,36
2022-2023,11,A,Mathematics,Midterm,40,86,27
2022-2023,11,A,Mathematics,Final Term,60,86,39
2022-2023,11,A,Science,Midterm,40,86,38
2022-2023,11,A,Science,Final Term,60,86,51
2022-2023,10,B,English,Midterm,40,75,21
2022-2023,10,B,English,Final Term,60,75,25
2022-2023,10,B,History,Midterm,40,75,20
2022-2023,10,B,History,Final Term,60,75,50
2022-2023,10,B,Mathematics,Midterm,40,75,28
2022-2023,10,B,Mathematics,Final Term,60,75,42
2022-2023,12,A,Science,Midterm,40,22,30
2022-2023,12,A,Science,Final Term,60,22,25
2022-2023,12,A,English,Midterm,40,22,36
2022-2023,12,A,English,Final Term,60,22,35
2022-2023,12,A,History,Midterm,40,22,16
2022-2023,12,A,History,Final Term,60,22,57
2022-2023,12,B,Mathematics,Midterm,40,7,22
2022-2023,12,B,Mathematics,Final Term,60,7,50
2022-2023,12,B,Science,Midterm,40,7,17
2022-2023,12,B,Science,Final Term,60,7,43
2022-2023,12,B,English,Midterm,40,7,34
2022-2023,12,B,English,Final Term,60,7,51
2022-2023,10,B,History,Midterm,40,26,32
2022-2023,10,B,History,Final Term,60,26,48
2022-2023,10,B,Mathematics,Midterm,40,26,23
2022-2023,10,B,Mathematics,Final Term,60,26,54
2022-2023,10,B,Science,Midterm,40,26,15
2022-2023,10,B,Science,Final Term,60,26,47
2022-2023,10,B,English,Midterm,40,39,32
2022-2023,10,B,English,Final Term,60,39,38
2022-2023,10,B,History,Midterm,40,39,32
2022-2023,10,B,History,Final Term,60,39,25
2022-2023,10,B,Mathematics,Midterm,40,39,39
2022-2023,10,B,Mathematics,Final Term,60,39,58
2022-2023,12,B,Science,Midterm,40,81,28
2022-2023,12,B,Science,Final Term,60,81,42
2022-2023,12,B,English,Midterm,40,81,33
2022-2023,12,B,English,Final Term,60,81,56
2022-2023,12,B,History,Midterm,40,81,24
2022-2023,12,B,History,Final Term,60,81,25
2022-2023,10,A,Mathematics,Midterm,40,75,28
2022-2023,10,A,Mathematics,Final Term,60,75,50
2022-2023,10,A,Science,Midterm,40,75,34
2022-2023,10,A,Science,Final Term,60,75,40
2022-2023,10,A,English,Midterm,40,75,26
2022-2023,10,A,English,Final Term,60,75,50
2022-2023,11,B,History,Midterm,40,12,38
2022-2023,11,B,History,Final Term,60,12,33
2022-2023,11,B,Mathematics,Midterm,40,12,32
2022-2023,11,B,Mathematics,Final Term,60,12,53
2022-2023,11,B,Science,Midterm,40,12,37
2022-2023,11,B,Science,Final Term,60,12,55
2022-2023,9,A,English,Midterm,40,62,28
2022-2023,9,A,English,Final Term,60,62,43
2022-2023,9,A,History,Midterm,40,62,21
2022-2023,9,A,History,Final Term,60,62,49
2022-2023,9,A,Mathematics,Midterm,40,62,23
2022-2023,9,A,Mathematics,Final Term,60,62,49
2022-2023,9,B,Science,Midterm,40,70,17
2022-2023,9,B,Science,Final Term,60,70,40
2022-2023,9,B,English,Midterm,40,70,29
2022-2023,9,B,English,Final Term,60,70,30
2022-2023,9,B,History,Midterm,40,70,18
2022-2023,9,B,History,Final Term,60,70,35
2022-2023,9,A,Mathematics,Midterm,40,39,35
2022-2023,9,A,Mathematics,Final Term,60,39,29
2022-2023,9,A,Science,Midterm,40,39,30
2022-2023,9,A,Science,Final Term,60,39,55
2022-2023,9,A,English,Midterm,40,39,26
2022-2023,9,A,English,Final Term,60,39,32
2022-2023,10,A,History,Midterm,40,70,32
2022-2023,10,A,History,Final Term,60,70,55
2022-2023,10,A,Mathematics,Midterm,40,70,26
2022-2023,10,A,Mathematics,Final Term,60,70,42
2022-2023,10,A,Science,Midterm,40,70,35
2022-2023,10,A,Science,Final Term,60,70,37
2022-2023,9,B,English,Midterm,40,14,37
2022-2023,9,B,English,Final Term,60,14,56
2022-2023,9,B,History,Midterm,40,14,28
2022-2023,9,B,History,Final Term,60,14,44
2022-2023,9,B,Mathematics,Midterm,40,14,25
2022-2023,9,B,Mathematics,Final Term,60,14,51
2022-2023,10,A,Science,Midterm,40,13,38
2022-2023,10,A,Science,Final Term,60,13,45
2022-2023,10,A,English,Midterm,40,13,38
2022-2023,10,A,English,Final Term,60,13,35
2022-2023,10,A,History,Midterm,40,13,18
2022-2023,10,A,History,Final Term,60,13,55
2022-2023,12,A,Mathematics,Midterm,40,19,35
2022-2023,12,A,Mathematics,Final Term,60,19,25
2022-2023,12,A,Science,Midterm,40,19,30
2022-2023,12,A,Science,Final Term,60,19,43
2022-2023,12,A,English,Midterm,40,19,36
2022-2023,12,A,English,Final Term,60,19,50
2022-2023,10,B,History,Midterm,40,66,36
2022-2023,10,B,History,Final Term,60,66,41
2022-2023,10,B,Mathematics,Midterm,40,66,39
2022-2023,10,B,Mathematics,Final Term,60,66,43
2022-2023,10,B,Science,Midterm,40,66,23
2022-2023,10,B,Science,Final Term,60,66,32
2022-2023,10,A,English,Midterm,40,38,16
2022-2023,10,A,English,Final Term,60,38,60
2022-2023,10,A,History,Midterm,40,38,23
2022-2023,10,A,History,Final Term,60,38,60
2022-2023,10,A,Mathematics,Midterm,40,38,37
2022-2023,10,A,Mathematics,Final Term,60,38,56
2022-2023,9,A,Science,Midterm,40,4,39
2022-2023,9,A,Science,Final Term,60,4,25
2022-2023,9,A,English,Midterm,40,4,28
2022-2023,9,A,English,Final Term,60,4,45
2022-2023,9,A,History,Midterm,40,4,15
2022-2023,9,A,History,Final Term,60,4,44
2022-2023,9,B,Mathematics,Midterm,40,40,27
2022-2023,9,B,Mathematics,Final Term,60,40,34
2022-2023,9,B,Science,Midterm,40,40,18
2022-2023,9,B,Science,Final Term,60,40,30
2022-2023,9,B,English,Midterm,40,40,33
2022-2023,9,B,English,Final Term,60,40,37
2022-2023,12,B,History,Midterm,40,42,20
2022-2023,12,B,History,Final Term,60,42,26
2022-2023,12,B,Mathematics,Midterm,40,42,37
2022-2023,12,B,Mathematics,Final Term,60,42,27
2022-2023,12,B,Science,Midterm,40,42,21
2022-2023,12,B,Science,Final Term,60,42,33
2022-2023,10,B,English,Midterm,40,39,33
2022-2023,10,B,English,Final Term,60,39,50
2022-2023,10,B,History,Midterm,40,39,29
2022-2023,10,B,History,Final Term,60,39,46
2022-2023,10,B,Mathematics,Midterm,40,39,17
2022-2023,10,B,Mathematics,Final Term,60,39,28
2022-2023,10,A,Science,Midterm,40,44,19
2022-2023,10,A,Science,Final Term,60,44,60
2022-2023,10,A,English,Midterm,40,44,38
2022-2023,10,A,English,Final Term,60,44,56
2022-2023,10,A,History,Midterm,40,44,18
2022-2023,10,A,History,Final Term,60,44,31
2022-2023,9,A,Mathematics,Midterm,40,20,32
2022-2023,9,A,Mathematics,Final Term,60,20,26
2022-2023,9,A,Science,Midterm,40,20,27
2022-2023,9,A,Science,Final Term,60,20,27
2022-2023,9,A,English,Midterm,40,20,31
2022-2023,9,A,English,Final Term,60,20,36
2022-2023,11,A,History,Midterm,40,10,34
2022-2023,11,A,History,Final Term,60,10,47
2022-2023,11,A,Mathematics,Midterm,40,10,18
2022-2023,11,A,Mathematics,Final Term,60,10,60
2022-2023,11,A,Science,Midterm,40,10,23
2022-2023,11,A,Science,Final Term,60,10,49
2022-2023,11,B,English,Midterm,40,48,35
2022-2023,11,B,English,Final Term,60,48,34
2022-2023,11,B,History,Midterm,40,48,18
2022-2023,11,B,History,Final Term,60,48,25
2022-2023,11,B,Mathematics,Midterm,40,48,36
2022-2023,11,B,Mathematics,Final Term,60,48,59
2022-2023,12,A,Science,Midterm,40,64,16
2022-2023,12,A,Science,Final Term,60,64,58
2022-2023,12,A,English,Midterm,40,64,16
2022-2023,12,A,English,Final Term,60,64,38
2022-2023,12,A,History,Midterm,40,64,19
2022-2023,12,A,History,Final Term,60,64,52
2022-2023,10,B,Mathematics,Midterm,40,71,16
2022-2023,10,B,Mathematics,Final Term,60,71,50
2022-2023,10,B,Science,Midterm,40,71,21
2022-2023,10,B,Science,Final Term,60,71,59
2022-2023,10,B,English,Midterm,40,71,39
2022-2023,10,B,English,Final Term,60,71,41
2022-2023,12,A,History,Midterm,40,63,20
2022-2023,12,A,History,Final Term,60,63,42
2022-2023,12,A,Mathematics,Midterm,40,63,23
2022-2023,12,A,Mathematics,Final Term,60,63,47
2022-2023,12,A,Science,Midterm,40,63,22
2022-2023,12,A,Science,Final Term,60,63,58
2022-2023,9,B,English,Midterm,40,15,35
2022-2023,9,B,English,Final Term,60,15,31
2022-2023,9,B,History,Midterm,40,15,34
2022-2023,9,B,History,Final Term,60,15,51
2022-2023,9,B,Mathematics,Midterm,40,15,33
2022-2023,9,B,Mathematics,Final Term,60,15,40
2022-2023,9,B,Science,Midterm,40,64,33
2022-2023,9,B,Science,Final Term,60,64,37
2022-2023,9,B,English,Midterm,40,64,35
2022-2023,9,B,English,Final Term,60,64,48
2022-2023,9,B,History,Midterm,40,64,36
2022-2023,9,B,History,Final Term,60,64,56
2022-2023,11,A,Mathematics,Midterm,40,38,25
2022-2023,11,A,Mathematics,Final Term,60,38,60
2022-2023,11,A,Science,Midterm,40,38,26
2022-2023,11,A,Science,Final Term,60,38,27
2022-2023,11,A,English,Midterm,40,38,29
2022-2023,11,A,English,Final Term,60,38,53
2022-2023,9,B,History,Midterm,40,56,31
2022-2023,9,B,History,Final Term,60,56,30
2022-2023,9,B,Mathematics,Midterm,40,56,20
2022-2023,9,B,Mathematics,Final Term,60,56,26
2022-2023,9,B,Science,Midterm,40,56,39
2022-2023,9,B,Science,Final Term,60,56,51
2022-2023,11,B,English,Midterm,40,29,19
2022-2023,11,B,English,Final Term,60,29,47
2022-2023,11,B,History,Midterm,40,29,21
2022-2023,11,B,History,Final Term,60,29,32
2022-2023,11,B,Mathematics,Midterm,40,29,29
2022-2023,11,B,Mathematics,Final Term,60,29,51
2022-2023,10,A,Science,Midterm,40,87,32
2022-2023,10,A,Science,Final Term,60,87,51
2022-2023,10,A,English,Midterm,40,87,37
2022-2023,10,A,English,Final Term,60,87,47
2022-2023,10,A,History,Midterm,40,87,23
2022-2023,10,A,History,Final Term,60,87,46
2022-2023,10,B,Mathematics,Midterm,40,82,29
2022-2023,10,B,Mathematics,Final Term,60,82,37
2022-2023,10,B,Science,Midterm,40,82,36
2022-2023,10,B,Science,Final Term,60,82,50
2022-2023,10,B,English,Midterm,40,82,38
2022-2023,10,B,English,Final Term,60,82,31
2022-2023,10,B,History,Midterm,40,33,39
2022-2023,10,B,History,Final Term,60,33,50
2022-2023,10,B,Mathematics,Midterm,40,33,28
2022-2023,10,B,Mathematics,Final Term,60,33,28
2022-2023,10,B,Science,Midterm,40,33,34
2022-2023,10,B,Science,Final Term,60,33,57
2022-2023,9,B,English,Midterm,40,50,19
2022-2023,9,B,English,Final Term,60,50,38
2022-2023,9,B,History,Midterm,40,50,26
2022-2023,9,B,History,Final Term,60,50,44
2022-2023,9,B,Mathematics,Midterm,40,50,15
2022-2023,9,B,Mathematics,Final Term,60,50,29
2022-2023,9,A,Science,Midterm,40,24,35
2022-2023,9,A,Science,Final Term,60,24,52
2022-2023,9,A,English,Midterm,40,24,16
2022-2023,9,A,English,Final Term,60,24,53
2022-2023,9,A,History,Midterm,40,24,18
2022-2023,9,A,History,Final Term,60,24,32
2022-2023,10,A,Mathematics,Midterm,40,8,38
2022-2023,10,A,Mathematics,Final Term,60,8,31
2022-2023,10,A,Science,Midterm,40,8,34
2022-2023,10,A,Science,Final Term,60,8,59
2022-2023,10,A,English,Midterm,40,8,30
2022-2023,10,A,English,Final Term,60,8,49
2022-2023,10,B,History,Midterm,40,37,25
2022-2023,10,B,History,Final Term,60,37,52
2022-2023,10,B,Mathematics,Midterm,40,37,23
2022-2023,10,B,Mathematics,Final Term,60,37,53
2022-2023,10,B,Science,Midterm,40,37,37
2022-2023,10,B,Science,Final Term,60,37,59
2022-2023,11,B,English,Midterm,40,32,22
2022-2023,11,B,English,Final Term,60,32,28
2022-2023,11,B,History,Midterm,40,32,22
2022-2023,11,B,History,Final Term,60,32,42
2022-2023,11,B,Mathematics,Midterm,40,32,35
2022-2023,11,B,Mathematics,Final Term,60,32,50
2022-2023,10,B,Science,Midterm,40,12,16
2022-2023,10,B,Science,Final Term,60,12,32
2022-2023,10,B,English,Midterm,40,12,34
2022-2023,10,B,English,Final Term,60,12,42
2022-2023,10,B,History,Midterm,40,12,39
2022-2023,10,B,History,Final Term,60,12,44
2022-2023,10,A,Mathematics,Midterm,40,13,23
2022-2023,10,A,Mathematics,Final Term,60,13,25
2022-2023,10,A,Science,Midterm,40,13,26
2022-2023,10,A,Science,Final Term,60,13,38
2022-2023,10,A,English,Midterm,40,13,20
2022-2023,10,A,English,Final Term,60,13,52
2022-2023,9,B,History,Midterm,40,28,31
2022-2023,9,B,History,Final Term,60,28,38
2022-2023,9,B,Mathematics,Midterm,40,28,33
2022-2023,9,B,Mathematics,Final Term,60,28,38
2022-2023,9,B,Science,Midterm,40,28,31
2022-2023,9,B,Science,Final Term,60,28,56
2022-2023,11,B,English,Midterm,40,58,30
2022-2023,11,B,English,Final Term,60,58,32
2022-2023,11,B,History,Midterm,40,58,31
2022-2023,11,B,History,Final Term,60,58,39
2022-2023,11,B,Mathematics,Midterm,40,58,19
2022-2023,11,B,Mathematics,Final Term,60,58,47
2022-2023,12,A,Science,Midterm,40,30,35
2022-2023,12,A,Science,Final Term,60,30,29
2022-2023,12,A,English,Midterm,40,30,30
2022-2023,12,A,English,Final Term,60,30,25
2022-2023,12,A,History,Midterm,40,30,18
2022-2023,12,A,History,Final Term,60,30,44
2022-2023,10,B,Mathematics,Midterm,40,58,22
2022-2023,10,B,Mathematics,Final Term,60,58,53
2022-2023,10,B,Science,Midterm,40,58,19
2022-2023,10,B,Science,Final Term,60,58,50
2022-2023,10,B,English,Midterm,40,58,21
2022-2023,10,B,English,Final Term,60,58,33
2022-2023,9,B,History,Midterm,40,46,17
2022-2023,9,B,History,Final Term,60,46,51
2022-2023,9,B,Mathematics,Midterm,40,46,15
2022-2023,9,B,Mathematics,Final Term,60,46,30
2022-2023,9,B,Science,Midterm,40,46,34
2022-2023,9,B,Science,Final Term,60,46,45
2022-2023,10,A,English,Midterm,40,41,33
2022-2023,10,A,English,Final Term,60,41,55
2022-2023,10,A,History,Midterm,40,41,27
2022-2023,10,A,History,Final Term,60,41,25
2022-2023,10,A,Mathematics,Midterm,40,41,39
2022-2023,10,A,Mathematics,Final Term,60,41,39
2022-2023,11,A,Science,Midterm,40,46,32
2022-2023,11,A,Science,Final Term,60,46,56
2022-2023,11,A,English,Midterm,40,46,19
2022-2023,11,A,English,Final Term,60,46,28
2022-2023,11,A,History,Midterm,40,46,15
2022-2023,11,A,History,Final Term,60,46,53
2022-2023,10,A,Mathematics,Midterm,40,6,29
2022-2023,10,A,Mathematics,Final Term,60,6,53
2022-2023,10,A,Science,Midterm,40,6,38
2022-2023,10,A,Science,Final Term,60,6,33
2022-2023,10,A,English,Midterm,40,6,38
2022-2023,10,A,English,Final Term,60,6,32
2022-2023,11,A,History,Midterm,40,32,36
2022-2023,11,A,History,Final Term,60,32,30
2022-2023,11,A,Mathematics,Midterm,40,32,19
2022-2023,11,A,Mathematics,Final Term,60,32,29
2022-2023,11,A,Science,Midterm,40,32,33
2022-2023,11,A,Science,Final Term,60,32,54
2022-2023,12,A,English,Midterm,40,24,30
2022-2023,12,A,English,Final Term,60,24,29
2022-2023,12,A,History,Midterm,40,24,25
2022-2023,12,A,History,Final Term,60,24,29
2022-2023,12,A,Mathematics,Midterm,40,24,29
2022-2023,12,A,Mathematics,Final Term,60,24,40
2022-2023,12,B,Science,Midterm,40,41,16
2022-2023,12,B,Science,Final Term,60,41,41
2022-2023,12,B,English,Midterm,40,41,17
2022-2023,12,B,English,Final Term,60,41,47
2022-2023,12,B,History,Midterm,40,41,39
2022-2023,12,B,History,Final Term,60,41,40
2022-2023,10,A,Mathematics,Midterm,40,49,32
2022-2023,10,A,Mathematics,Final Term,60,49,28
2022-2023,10,A,Science,Midterm,40,49,29
2022-2023,10,A,Science,Final Term,60,49,41
2022-2023,10,A,English,Midterm,40,49,20
2022-2023,10,A,English,Final Term,60,49,52
2022-2023,12,B,History,Midterm,40,17,29
2022-2023,12,B,History,Final Term,60,17,31
2022-2023,12,B,Mathematics,Midterm,40,17,35
2022-2023,12,B,Mathematics,Final Term,60,17,57
2022-2023,12,B,Science,Midterm,40,17,23
2022-2023,12,B,Science,Final Term,60,17,39
2022-2023,9,B,English,Midterm,40,85,28
2022-2023,9,B,English,Final Term,60,85,39
2022-2023,9,B,History,Midterm,40,85,21
2022-2023,9,B,History,Final Term,60,85,29
2022-2023,9,B,Mathematics,Midterm,40,85,38
2022-2023,9,B,Mathematics,Final Term,60,85,58
2022-2023,10,B,Science,Midterm,40,68,31
2022-2023,10,B,Science,Final Term,60,68,43
2022-2023,10,B,English,Midterm,40,68,20
2022-2023,10,B,English,Final Term,60,68,50
2022-2023,10,B,History,Midterm,40,68,16
2022-2023,10,B,History,Final Term,60,68,60
2022-2023,10,A,Mathematics,Midterm,40,18,19
2022-2023,10,A,Mathematics,Final Term,60,18,54
2022-2023,10,A,Science,Midterm,40,18,28
2022-2023,10,A,Science,Final Term,60,18,37
2022-2023,10,A,English,Midterm,40,18,25
2022-2023,10,A,English,Final Term,60,18,30
2022-2023,10,A,History,Midterm,40,83,34
2022-2023,10,A,History,Final Term,60,83,35
2022-2023,10,A,Mathematics,Midterm,40,83,31
2022-2023,10,A,Mathematics,Final Term,60,83,58
2022-2023,10,A,Science,Midterm,40,83,23
2022-2023,10,A,Science,Final Term,60,83,58
2022-2023,9,B,English,Midterm,40,1,19
2022-2023,9,B,English,Final Term,60,1,46
2022-2023,9,B,History,Midterm,40,1,32
2022-2023,9,B,History,Final Term,60,1,56
2022-2023,9,B,Mathematics,Midterm,40,1,23
2022-2023,9,B,Mathematics,Final Term,60,1,43
2022-2023,12,A,Science,Midterm,40,86,15
2022-2023,12,A,Science,Final Term,60,86,54
2022-2023,12,A,English,Midterm,40,86,36
2022-2023,12,A,English,Final Term,60,86,54
2022-2023,12,A,History,Midterm,40,86,17
2022-2023,12,A,History,Final Term,60,86,35
2022-2023,11,B,Mathematics,Midterm,40,28,28
2022-2023,11,B,Mathematics,Final Term,60,28,58
2022-2023,11,B,Science,Midterm,40,28,28
2022-2023,11,B,Science,Final Term,60,28,60
2022-2023,11,B,English,Midterm,40,28,28
2022-2023,11,B,English,Final Term,60,28,31
2022-2023,12,B,History,Midterm,40,51,30
2022-2023,12,B,History,Final Term,60,51,37
2022-2023,12,B,Mathematics,Midterm,40,51,32
2022-2023,12,B,Mathematics,Final Term,60,51,41
2022-2023,12,B,Science,Midterm,40,51,22
2022-2023,12,B,Science,Final Term,60,51,42
2022-2023,9,A,English,Midterm,40,16,24
2022-2023,9,A,English,Final Term,60,16,46
2022-2023,9,A,History,Midterm,40,16,35
2022-2023,9,A,History,Final Term,60,16,35
2022-2023,9,A,Mathematics,Midterm,40,16,25
2022-2023,9,A,Mathematics,Final Term,60,16,44
2022-2023,9,B,Science,Midterm,40,78,35
2022-2023,9,B,Science,Final Term,60,78,33
2022-2023,9,B,English,Midterm,40,78,18
2022-2023,9,B,English,Final Term,60,78,36
2022-2023,9,B,History,Midterm,40,78,18
2022-2023,9,B,History,Final Term,60,78,46
2022-2023,12,B,Mathematics,Midterm,40,50,26
2022-2023,12,B,Mathematics,Final Term,60,50,33
2022-2023,12,B,Science,Midterm,40,50,20
2022-2023,12,B,Science,Final Term,60,50,33
2022-2023,12,B,English,Midterm,40,50,30
2022-2023,12,B,English,Final Term,60,50,30
2022-2023,11,B,History,Midterm,40,9,30
2022-2023,11,B,History,Final Term,60,9,32
2022-2023,11,B,Mathematics,Midterm,40,9,30
2022-2023,11,B,Mathematics,Final Term,60,9,60
2022-2023,11,B,Science,Midterm,40,9,20
2022-2023,11,B,Science,Final Term,60,9,43
2022-2023,10,A,English,Midterm,40,55,38
2022-2023,10,A,English,Final Term,60,55,53
2022-2023,10,A,History,Midterm,40,55,23
2022-2023,10,A,History,Final Term,60,55,33
2022-2023,10,A,Mathematics,Midterm,40,55,31
2022-2023,10,A,Mathematics,Final Term,60,55,54
2022-2023,12,B,Science,Midterm,40,49,27
2022-2023,12,B,Science,Final Term,60,49,25
2022-2023,12,B,English,Midterm,40,49,25
2022-2023,12,B,English,Final Term,60,49,48
2022-2023,12,B,History,Midterm,40,49,25
2022-2023,12,B,History,Final Term,60,49,30
2022-2023,10,B,Mathematics,Midterm,40,72,39
2022-2023,10,B,Mathematics,Final Term,60,72,39
2022-2023,10,B,Science,Midterm,40,72,35
2022-2023,10,B,Science,Final Term,60,72,59
2022-2023,10,B,English,Midterm,40,72,24
2022-2023,10,B,English,Final Term,60,72,33
2022-2023,10,B,History,Midterm,40,84,28
2022-2023,10,B,History,Final Term,60,84,41
2022-2023,10,B,Mathematics,Midterm,40,84,38
2022-2023,10,B,Mathematics,Final Term,60,84,40
2022-2023,10,B,Science,Midterm,40,84,39
2022-2023,10,B,Science,Final Term,60,84,27
2022-2023,10,A,English,Midterm,40,75,23
2022-2023,10,A,English,Final Term,60,75,60
2022-2023,10,A,History,Midterm,40,75,18
2022-2023,10,A,History,Final Term,60,75,46
2022-2023,10,A,Mathematics,Midterm,40,75,38
2022-2023,10,A,Mathematics,Final Term,60,75,42
2022-2023,9,B,Science,Midterm,40,52,23
2022-2023,9,B,Science,Final Term,60,52,41
2022-2023,9,B,English,Midterm,40,52,36
2022-2023,9,B,English,Final Term,60,52,25
2022-2023,9,B,History,Midterm,40,52,37
2022-2023,9,B,History,Final Term,60,52,45
2022-2023,11,A,Mathematics,Midterm,40,63,19
2022-2023,11,A,Mathematics,Final Term,60,63,38
2022-2023,11,A,Science,Midterm,40,63,30
2022-2023,11,A,Science,Final Term,60,63,32
2022-2023,11,A,English,Midterm,40,63,37
2022-2023,11,A,English,Final Term,60,63,47
2022-2023,11,A,History,Midterm,40,3,32
2022-2023,11,A,History,Final Term,60,3,41
2022-2023,11,A,Mathematics,Midterm,40,3,36
2022-2023,11,A,Mathematics,Final Term,60,3,50
2022-2023,11,A,Science,Midterm,40,3,32
2022-2023,11,A,Science,Final Term,60,3,53
2022-2023,12,B,English,Midterm,40,62,35
2022-2023,12,B,English,Final Term,60,62,29
2022-2023,12,B,History,Midterm,40,62,23
2022-2023,12,B,History,Final Term,60,62,34
2022-2023,12,B,Mathematics,Midterm,40,62,35
2022-2023,12,B,Mathematics,Final Term,60,62,55
2022-2023,12,B,Science,Midterm,40,80,16
2022-2023,12,B,Science,Final Term,60,80,32
2022-2023,12,B,English,Midterm,40,80,17
2022-2023,12,B,English,Final Term,60,80,44
2022-2023,12,B,History,Midterm,40,80,30
2022-2023,12,B,History,Final Term,60,80,52
2022-2023,9,A,Mathematics,Midterm,40,68,32
2022-2023,9,A,Mathematics,Final Term,60,68,26
2022-2023,9,A,Science,Midterm,40,68,29
2022-2023,9,A,Science,Final Term,60,68,35
2022-2023,9,A,English,Midterm,40,68,39
2022-2023,9,A,English,Final Term,60,68,39
2022-2023,12,A,History,Midterm,40,44,35
2022-2023,12,A,History,Final Term,60,44,59
2022-2023,12,A,Mathematics,Midterm,40,44,27
2022-2023,12,A,Mathematics,Final Term,60,44,42
2022-2023,12,A,Science,Midterm,40,44,24
2022-2023,12,A,Science,Final Term,60,44,30
2022-2023,11,B,English,Midterm,40,87,37
2022-2023,11,B,English,Final Term,60,87,29
2022-2023,11,B,History,Midterm,40,87,17
2022-2023,11,B,History,Final Term,60,87,52
2022-2023,11,B,Mathematics,Midterm,40,87,35
2022-2023,11,B,Mathematics,Final Term,60,87,37
2022-2023,10,B,Science,Midterm,40,67,19
2022-2023,10,B,Science,Final Term,60,67,36
2022-2023,10,B,English,Midterm,40,67,31
2022-2023,10,B,English,Final Term,60,67,54
2022-2023,10,B,History,Midterm,40,67,21
2022-2023,10,B,History,Final Term,60,67,30
2022-2023,11,B,Mathematics,Midterm,40,35,22
2022-2023,11,B,Mathematics,Final Term,60,35,58
2022-2023,11,B,Science,Midterm,40,35,21
2022-2023,11,B,Science,Final Term,60,35,35
2022-2023,11,B,English,Midterm,40,35,26
2022-2023,11,B,English,Final Term,60,35,54
2022-2023,12,B,History,Midterm,40,73,28
2022-2023,12,B,History,Final Term,60,73,59
2022-2023,12,B,Mathematics,Midterm,40,73,38
2022-2023,12,B,Mathematics,Final Term,60,73,25
2022-2023,12,B,Science,Midterm,40,73,27
2022-2023,12,B,Science,Final Term,60,73,57
2022-2023,11,B,English,Midterm,40,6,15
2022-2023,11,B,English,Final Term,60,6,33
2022-2023,11,B,History,Midterm,40,6,20
2022-2023,11,B,History,Final Term,60,6,42
2022-2023,11,B,Mathematics,Midterm,40,6,15
2022-2023,11,B,Mathematics,Final Term,60,6,31
2022-2023,10,A,Science,Midterm,40,33,25
2022-2023,10,A,Science,Final Term,60,33,34
2022-2023,10,A,English,Midterm,40,33,23
2022-2023,10,A,English,Final Term,60,33,25
2022-2023,10,A,History,Midterm,40,33,25
2022-2023,10,A,History,Final Term,60,33,52
2022-2023,9,A,Mathematics,Midterm,40,77,24
2022-2023,9,A,Mathematics,Final Term,60,77,46
2022-2023,9,A,Science,Midterm,40,77,38
2022-2023,9,A,Science,Final Term,60,77,41
2022-2023,9,A,English,Midterm,40,77,23
2022-2023,9,A,English,Final Term,60,77,32
2022-2023,11,B,History,Midterm,40,80,33
2022-2023,11,B,History,Final Term,60,80,47
2022-2023,11,B,Mathematics,Midterm,40,80,35
2022-2023,11,B,Mathematics,Final Term,60,80,40
2022-2023,11,B,Science,Midterm,40,80,38
2022-2023,11,B,Science,Final Term,60,80,51
2022-2023,9,A,English,Midterm,40,68,24
2022-2023,9,A,English,Final Term,60,68,59
2022-2023,9,A,History,Midterm,40,68,36
2022-2023,9,A,History,Final Term,60,68,53
2022-2023,9,A,Mathematics,Midterm,40,68,23
2022-2023,9,A,Mathematics,Final Term,60,68,45
2022-2023,12,A,Science,Midterm,40,51,31
2022-2023,12,A,Science,Final Term,60,51,27
2022-2023,12,A,English,Midterm,40,51,31
2022-2023,12,A,English,Final Term,60,51,60
2022-2023,12,A,History,Midterm,40,51,25
2022-2023,12,A,History,Final Term,60,51,28
2022-2023,11,A,Mathematics,Midterm,40,7,20
2022-2023,11,A,Mathematics,Final Term,60,7,37
2022-2023,11,A,Science,Midterm,40,7,39
2022-2023,11,A,Science,Final Term,60,7,43
2022-2023,11,A,English,Midterm,40,7,30
2022-2023,11,A,English,Final Term,60,7,38
2022-2023,9,A,History,Midterm,40,28,33
2022-2023,9,A,History,Final Term,60,28,54
2022-2023,9,A,Mathematics,Midterm,40,28,25
2022-2023,9,A,Mathematics,Final Term,60,28,52
2022-2023,9,A,Science,Midterm,40,28,34
2022-2023,9,A,Science,Final Term,60,28,27
2022-2023,10,B,English,Midterm,40,85,21
2022-2023,10,B,English,Final Term,60,85,55
2022-2023,10,B,History,Midterm,40,85,25
2022-2023,10,B,History,Final Term,60,85,32
2022-2023,10,B,Mathematics,Midterm,40,85,35
2022-2023,10,B,Mathematics,Final Term,60,85,35
2022-2023,12,B,Science,Midterm,40,29,19
2022-2023,12,B,Science,Final Term,60,29,25
2022-2023,12,B,English,Midterm,40,29,29
2022-2023,12,B,English,Final Term,60,29,30
2022-2023,12,B,History,Midterm,40,29,20
2022-2023,12,B,History,Final Term,60,29,43
2022-2023,11,A,Mathematics,Midterm,40,42,36
2022-2023,11,A,Mathematics,Final Term,60,42,44
2022-2023,11,A,Science,Midterm,40,42,28
2022-2023,11,A,Science,Final Term,60,42,59
2022-2023,11,A,English,Midterm,40,42,37
2022-2023,11,A,English,Final Term,60,42,28
2022-2023,10,A,History,Midterm,40,11,20
2022-2023,10,A,History,Final Term,60,11,31
2022-2023,10,A,Mathematics,Midterm,40,11,33
2022-2023,10,A,Mathematics,Final Term,60,11,28
2022-2023,10,A,Science,Midterm,40,11,16
2022-2023,10,A,Science,Final Term,60,11,33
2022-2023,12,B,English,Midterm,40,82,28
2022-2023,12,B,English,Final Term,60,82,42
2022-2023,12,B,History,Midterm,40,82,32
2022-2023,12,B,History,Final Term,60,82,27
2022-2023,12,B,Mathematics,Midterm,40,82,19
2022-2023,12,B,Mathematics,Final Term,60,82,48
2022-2023,10,B,Science,Midterm,40,54,29
2022-2023,10,B,Science,Final Term,60,54,54
2022-2023,10,B,English,Midterm,40,54,25
2022-2023,10,B,English,Final Term,60,54,41
2022-2023,10,B,History,Midterm,40,54,15
2022-2023,10,B,History,Final Term,60,54,54
2022-2023,10,B,Mathematics,Midterm,40,42,20
2022-2023,10,B,Mathematics,Final Term,60,42,38
2022-2023,10,B,Science,Midterm,40,42,29
2022-2023,10,B,Science,Final Term,60,42,29
2022-2023,10,B,English,Midterm,40,42,25
2022-2023,10,B,English,Final Term,60,42,27
2022-2023,9,A,History,Midterm,40,27,30
2022-2023,9,A,History,Final Term,60,27,25
2022-2023,9,A,Mathematics,Midterm,40,27,18
2022-2023,9,A,Mathematics,Final Term,60,27,32
2022-2023,9,A,Science,Midterm,40,27,19
2022-2023,9,A,Science,Final Term,60,27,59
2022-2023,11,A,English,Midterm,40,87,29
2022-2023,11,A,English,Final Term,60,87,39
2022-2023,11,A,History,Midterm,40,87,38
2022-2023,11,A,History,Final Term,60,87,37
2022-2023,11,A,Mathematics,Midterm,40,87,32
2022-2023,11,A,Mathematics,Final Term,60,87,57
2022-2023,10,B,Science,Midterm,40,5,19
2022-2023,10,B,Science,Final Term,60,5,29
2022-2023,10,B,English,Midterm,40,5,27
2022-2023,10,B,English,Final Term,60,5,26
2022-2023,10,B,History,Midterm,40,5,26
2022-2023,10,B,History,Final Term,60,5,54
2022-2023,9,B,Mathematics,Midterm,40,31,29
2022-2023,9,B,Mathematics,Final Term,60,31,54
2022-2023,9,B,Science,Midterm,40,31,16
2022-2023,9,B,Science,Final Term,60,31,25
2022-2023,9,B,English,Midterm,40,31,21
2022-2023,9,B,English,Final Term,60,31,51
2022-2023,9,A,History,Midterm,40,14,32
2022-2023,9,A,History,Final Term,60,14,30
2022-2023,9,A,Mathematics,Midterm,40,14,34
2022-2023,9,A,Mathematics,Final Term,60,14,32
2022-2023,9,A,Science,Midterm,40,14,37
2022-2023,9,A,Science,Final Term,60,14,27
2022-2023,10,A,English,Midterm,40,30,32
2022-2023,10,A,English,Final Term,60,30,35
2022-2023,10,A,History,Midterm,40,30,37
2022-2023,10,A,History,Final Term,60,30,27
2022-2023,10,A,Mathematics,Midterm,40,30,33
2022-2023,10,A,Mathematics,Final Term,60,30,42
2022-2023,10,B,Science,Midterm,40,23,15
2022-2023,10,B,Science,Final Term,60,23,32
2022-2023,10,B,English,Midterm,40,23,30
2022-2023,10,B,English,Final Term,60,23,34
2022-2023,10,B,History,Midterm,40,23,27
2022-2023,10,B,History,Final Term,60,23,54
2022-2023,9,B,Mathematics,Midterm,40,55,33
2022-2023,9,B,Mathematics,Final Term,60,55,31
2022-2023,9,B,Science,Midterm,40,55,28
2022-2023,9,B,Science,Final Term,60,55,52
2022-2023,9,B,English,Midterm,40,55,30
2022-2023,9,B,English,Final Term,60,55,53
2022-2023,12,A,History,Midterm,40,87,38
2022-2023,12,A,History,Final Term,60,87,32
2022-2023,12,A,Mathematics,Midterm,40,87,37
2022-2023,12,A,Mathematics,Final Term,60,87,42
2022-2023,12,A,Science,Midterm,40,87,17
2022-2023,12,A,Science,Final Term,60,87,58
2022-2023,11,A,English,Midterm,40,53,18
2022-2023,11,A,English,Final Term,60,53,47
2022-2023,11,A,History,Midterm,40,53,21
2022-2023,11,A,History,Final Term,60,53,48
2022-2023,11,A,Mathematics,Midterm,40,53,19
2022-2023,11,A,Mathematics,Final Term,60,53,38
2022-2023,11,A,Science,Midterm,40,48,31
2022-2023,11,A,Science,Final Term,60,48,51
2022-2023,11,A,English,Midterm,40,48,33
2022-2023,11,A,English,Final Term,60,48,43
2022-2023,11,A,History,Midterm,40,48,23
2022-2023,11,A,History,Final Term,60,48,53
2022-2023,11,A,Mathematics,Midterm,40,14,17
2022-2023,11,A,Mathematics,Final Term,60,14,27
2022-2023,11,A,Science,Midterm,40,14,38
2022-2023,11,A,Science,Final Term,60,14,49
2022-2023,11,A,English,Midterm,40,14,15
2022-2023,11,A,English,Final Term,60,14,49
2022-2023,11,A,History,Midterm,40,65,36
2022-2023,11,A,History,Final Term,60,65,27
2022-2023,11,A,Mathematics,Midterm,40,65,29
2022-2023,11,A,Mathematics,Final Term,60,65,52
2022-2023,11,A,Science,Midterm,40,65,17
2022-2023,11,A,Science,Final Term,60,65,58
2022-2023,9,A,English,Midterm,40,3,23
2022-2023,9,A,English,Final Term,60,3,34
2022-2023,9,A,History,Midterm,40,3,18
2022-2023,9,A,History,Final Term,60,3,37
2022-2023,9,A,Mathematics,Midterm,40,3,18
2022-2023,9,A,Mathematics,Final Term,60,3,31
2022-2023,10,B,Science,Midterm,40,79,32
2022-2023,10,B,Science,Final Term,60,79,32
2022-2023,10,B,English,Midterm,40,79,31
2022-2023,10,B,English,Final Term,60,79,33
2022-2023,10,B,History,Midterm,40,79,17
2022-2023,10,B,History,Final Term,60,79,48
2022-2023,9,A,Mathematics,Midterm,40,46,17
2022-2023,9,A,Mathematics,Final Term,60,46,47
2022-2023,9,A,Science,Midterm,40,46,34
2022-2023,9,A,Science,Final Term,60,46,52
2022-2023,9,A,English,Midterm,40,46,21
2022-2023,9,A,English,Final Term,60,46,59
2022-2023,11,A,History,Midterm,40,12,15
2022-2023,11,A,History,Final Term,60,12,32
2022-2023,11,A,Mathematics,Midterm,40,12,24
2022-2023,11,A,Mathematics,Final Term,60,12,56
2022-2023,11,A,Science,Midterm,40,12,27
2022-2023,11,A,Science,Final Term,60,12,59
2022-2023,12,B,English,Midterm,40,56,31
2022-2023,12,B,English,Final Term,60,56,33
2022-2023,12,B,History,Midterm,40,56,21
2022-2023,12,B,History,Final Term,60,56,57
2022-2023,12,B,Mathematics,Midterm,40,56,24
2022-2023,12,B,Mathematics,Final Term,60,56,57
2022-2023,11,B,Science,Midterm,40,26,20
2022-2023,11,B,Science,Final Term,60,26,34
2022-2023,11,B,English,Midterm,40,26,19
2022-2023,11,B,English,Final Term,60,26,36
2022-2023,11,B,History,Midterm,40,26,34
2022-2023,11,B,History,Final Term,60,26,47
2022-2023,9,A,Mathematics,Midterm,40,9,26
2022-2023,9,A,Mathematics,Final Term,60,9,39
2022-2023,9,A,Science,Midterm,40,9,22
2022-2023,9,A,Science,Final Term,60,9,33
2022-2023,9,A,English,Midterm,40,9,37
2022-2023,9,A,English,Final Term,60,9,25
2022-2023,9,A,History,Midterm,40,39,23
2022-2023,9,A,History,Final Term,60,39,44
2022-2023,9,A,Mathematics,Midterm,40,39,17
2022-2023,9,A,Mathematics,Final Term,60,39,56
2022-2023,9,A,Science,Midterm,40,39,37
2022-2023,9,A,Science,Final Term,60,39,54
2022-2023,9,A,English,Midterm,40,31,27
2022-2023,9,A,English,Final Term,60,31,55
2022-2023,9,A,History,Midterm,40,31,22
2022-2023,9,A,History,Final Term,60,31,46
2022-2023,9,A,Mathematics,Midterm,40,31,21
2022-2023,9,A,Mathematics,Final Term,60,31,44
2022-2023,9,A,Science,Midterm,40,64,27
2022-2023,9,A,Science,Final Term,60,64,44
2022-2023,9,A,English,Midterm,40,64,28
2022-2023,9,A,English,Final Term,60,64,27
2022-2023,9,A,History,Midterm,40,64,34
2022-2023,9,A,History,Final Term,60,64,46
2022-2023,10,B,Mathematics,Midterm,40,83,35
2022-2023,10,B,Mathematics,Final Term,60,83,60
2022-2023,10,B,Science,Midterm,40,83,33
2022-2023,10,B,Science,Final Term,60,83,33
2022-2023,10,B,English,Midterm,40,83,16
2022-2023,10,B,English,Final Term,60,83,53
2022-2023,11,B,History,Midterm,40,43,18
2022-2023,11,B,History,Final Term,60,43,49
2022-2023,11,B,Mathematics,Midterm,40,43,34
2022-2023,11,B,Mathematics,Final Term,60,43,29
2022-2023,11,B,Science,Midterm,40,43,21
2022-2023,11,B,Science,Final Term,60,43,58
2022-2023,11,B,English,Midterm,40,81,31
2022-2023,11,B,English,Final Term,60,81,26
2022-2023,11,B,History,Midterm,40,81,37
2022-2023,11,B,History,Final Term,60,81,46
2022-2023,11,B,Mathematics,Midterm,40,81,23
2022-2023,11,B,Mathematics,Final Term,60,81,50
2022-2023,9,A,Science,Midterm,40,72,20
2022-2023,9,A,Science,Final Term,60,72,60
2022-2023,9,A,English,Midterm,40,72,15
2022-2023,9,A,English,Final Term,60,72,36
2022-2023,9,A,History,Midterm,40,72,24
2022-2023,9,A,History,Final Term,60,72,32
2022-2023,9,A,Mathematics,Midterm,40,17,32
2022-2023,9,A,Mathematics,Final Term,60,17,55
2022-2023,9,A,Science,Midterm,40,17,38
2022-2023,9,A,Science,Final Term,60,17,28
2022-2023,9,A,English,Midterm,40,17,22
2022-2023,9,A,English,Final Term,60,17,54
2022-2023,10,A,History,Midterm,40,2,15
2022-2023,10,A,History,Final Term,60,2,34
2022-2023,10,A,Mathematics,Midterm,40,2,28
2022-2023,10,A,Mathematics,Final Term,60,2,41
2022-2023,10,A,Science,Midterm,40,2,20
2022-2023,10,A,Science,Final Term,60,2,28
2022-2023,9,B,English,Midterm,40,31,19
2022-2023,9,B,English,Final Term,60,31,29
2022-2023,9,B,History,Midterm,40,31,31
2022-2023,9,B,History,Final Term,60,31,26
2022-2023,9,B,Mathematics,Midterm,40,31,24
2022-2023,9,B,Mathematics,Final Term,60,31,56
2022-2023,10,A,Science,Midterm,40,1,16
2022-2023,10,A,Science,Final Term,60,1,44
2022-2023,10,A,English,Midterm,40,1,30
2022-2023,10,A,English,Final Term,60,1,32
2022-2023,10,A,History,Midterm,40,1,39
2022-2023,10,A,History,Final Term,60,1,31
2022-2023,9,A,Mathematics,Midterm,40,71,19
2022-2023,9,A,Mathematics,Final Term,60,71,50
2022-2023,9,A,Science,Midterm,40,71,30
2022-2023,9,A,Science,Final Term,60,71,38
2022-2023,9,A,English,Midterm,40,71,32
2022-2023,9,A,English,Final Term,60,71,47
2022-2023,9,A,History,Midterm,40,40,18
2022-2023,9,A,History,Final Term,60,40,26
2022-2023,9,A,Mathematics,Midterm,40,40,15
2022-2023,9,A,Mathematics,Final Term,60,40,26
2022-2023,9,A,Science,Midterm,40,40,23
2022-2023,9,A,Science,Final Term,60,40,50
2022-2023,9,B,English,Midterm,40,72,38
2022-2023,9,B,English,Final Term,60,72,26
2022-2023,9,B,History,Midterm,40,72,23
2022-2023,9,B,History,Final Term,60,72,54
2022-2023,9,B,Mathematics,Midterm,40,72,18
2022-2023,9,B,Mathematics,Final Term,60,72,52
2022-2023,11,B,Science,Midterm,40,73,19
2022-2023,11,B,Science,Final Term,60,73,50
2022-2023,11,B,English,Midterm,40,73,36
2022-2023,11,B,English,Final Term,60,73,37
2022-2023,11,B,History,Midterm,40,73,16
2022-2023,11,B,History,Final Term,60,73,60
2022-2023,12,B,Mathematics,Midterm,40,34,34
2022-2023,12,B,Mathematics,Final Term,60,34,45
2022-2023,12,B,Science,Midterm,40,34,35
2022-2023,12,B,Science,Final Term,60,34,34
2022-2023,12,B,English,Midterm,40,34,19
2022-2023,12,B,English,Final Term,60,34,48
2022-2023,9,A,History,Midterm,40,15,28
2022-2023,9,A,History,Final Term,60,15,32
2022-2023,9,A,Mathematics,Midterm,40,15,19
2022-2023,9,A,Mathematics,Final Term,60,15,28
2022-2023,9,A,Science,Midterm,40,15,35
2022-2023,9,A,Science,Final Term,60,15,50
2022-2023,10,A,English,Midterm,40,86,17
2022-2023,10,A,English,Final Term,60,86,44
2022-2023,10,A,History,Midterm,40,86,23
2022-2023,10,A,History,Final Term,60,86,42
2022-2023,10,A,Mathematics,Midterm,40,86,18
2022-2023,10,A,Mathematics,Final Term,60,86,45
2022-2023,9,A,Science,Midterm,40,13,25
2022-2023,9,A,Science,Final Term,60,13,41
2022-2023,9,A,English,Midterm,40,13,18
2022-2023,9,A,English,Final Term,60,13,30
2022-2023,9,A,History,Midterm,40,13,39
2022-2023,9,A,History,Final Term,60,13,37
2022-2023,9,B,Mathematics,Midterm,40,40,27
2022-2023,9,B,Mathematics,Final Term,60,40,38
2022-2023,9,B,Science,Midterm,40,40,27
2022-2023,9,B,Science,Final Term,60,40,40
2022-2023,9,B,English,Midterm,40,40,24
2022-2023,9,B,English,Final Term,60,40,50
2022-2023,11,B,History,Midterm,40,36,15
2022-2023,11,B,History,Final Term,60,36,55
2022-2023,11,B,Mathematics,Midterm,40,36,25
2022-2023,11,B,Mathematics,Final Term,60,36,44
2022-2023,11,B,Science,Midterm,40,36,39
2022-2023,11,B,Science,Final Term,60,36,28
2022-2023,11,B,English,Midterm,40,72,25
2022-2023,11,B,English,Final Term,60,72,47
2022-2023,11,B,History,Midterm,40,72,32
2022-2023,11,B,History,Final Term,60,72,58
2022-2023,11,B,Mathematics,Midterm,40,72,23
2022-2023,11,B,Mathematics,Final Term,60,72,35
2022-2023,12,B,Science,Midterm,40,52,23
2022-2023,12,B,Science,Final Term,60,52,58
2022-2023,12,B,English,Midterm,40,52,21
2022-2023,12,B,English,Final Term,60,52,46
2022-2023,12,B,History,Midterm,40,52,31
2022-2023,12,B,History,Final Term,60,52,38
2022-2023,12,B,Mathematics,Midterm,40,45,35
2022-2023,12,B,Mathematics,Final Term,60,45,60
2022-2023,12,B,Science,Midterm,40,45,23
2022-2023,12,B,Science,Final Term,60,45,28
2022-2023,12,B,English,Midterm,40,45,37
2022-2023,12,B,English,Final Term,60,45,37
2022-2023,9,A,History,Midterm,40,24,16
2022-2023,9,A,History,Final Term,60,24,43
2022-2023,9,A,Mathematics,Midterm,40,24,30
2022-2023,9,A,Mathematics,Final Term,60,24,39
2022-2023,9,A,Science,Midterm,40,24,21
2022-2023,9,A,Science,Final Term,60,24,39
2022-2023,9,B,English,Midterm,40,18,17
2022-2023,9,B,English,Final Term,60,18,34
2022-2023,9,B,History,Midterm,40,18,26
2022-2023,9,B,History,Final Term,60,18,45
2022-2023,9,B,Mathematics,Midterm,40,18,20
2022-2023,9,B,Mathematics,Final Term,60,18,44
2022-2023,12,B,Science,Midterm,40,20,35
2022-2023,12,B,Science,Final Term,60,20,53
2022-2023,12,B,English,Midterm,40,20,31
2022-2023,12,B,English,Final Term,60,20,29
2022-2023,12,B,History,Midterm,40,20,20
2022-2023,12,B,History,Final Term,60,20,44
2022-2023,10,A,Mathematics,Midterm,40,47,29
2022-2023,10,A,Mathematics,Final Term,60,47,28
2022-2023,10,A,Science,Midterm,40,47,26
2022-2023,10,A,Science,Final Term,60,47,48
2022-2023,10,A,English,Midterm,40,47,28
2022-2023,10,A,English,Final Term,60,47,39
2022-2023,9,A,History,Midterm,40,69,39
2022-2023,9,A,History,Final Term,60,69,54
2022-2023,9,A,Mathematics,Midterm,40,69,22
2022-2023,9,A,Mathematics,Final Term,60,69,38
2022-2023,9,A,Science,Midterm,40,69,36
2022-2023,9,A,Science,Final Term,60,69,30
2022-2023,12,A,English,Midterm,40,22,22
2022-2023,12,A,English,Final Term,60,22,27
2022-2023,12,A,History,Midterm,40,22,28
2022-2023,12,A,History,Final Term,60,22,32
2022-2023,12,A,Mathematics,Midterm,40,22,35
2022-2023,12,A,Mathematics,Final Term,60,22,30
2022-2023,11,B,Science,Midterm,40,58,17
2022-2023,11,B,Science,Final Term,60,58,54
2022-2023,11,B,English,Midterm,40,58,37
2022-2023,11,B,English,Final Term,60,58,57
2022-2023,11,B,History,Midterm,40,58,24
2022-2023,11,B,History,Final Term,60,58,43
2022-2023,9,A,Mathematics,Midterm,40,4,18
2022-2023,9,A,Mathematics,Final Term,60,4,44
2022-2023,9,A,Science,Midterm,40,4,22
2022-2023,9,A,Science,Final Term,60,4,41
2022-2023,9,A,English,Midterm,40,4,39
2022-2023,9,A,English,Final Term,60,4,52
2022-2023,10,B,History,Midterm,40,57,37
2022-2023,10,B,History,Final Term,60,57,53
2022-2023,10,B,Mathematics,Midterm,40,57,19
2022-2023,10,B,Mathematics,Final Term,60,57,48
2022-2023,10,B,Science,Midterm,40,57,31
2022-2023,10,B,Science,Final Term,60,57,28
2022-2023,12,A,English,Midterm,40,47,22
2022-2023,12,A,English,Final Term,60,47,37
2022-2023,12,A,History,Midterm,40,47,16
2022-2023,12,A,History,Final Term,60,47,49
2022-2023,12,A,Mathematics,Midterm,40,47,20
2022-2023,12,A,Mathematics,Final Term,60,47,46
2022-2023,11,B,Science,Midterm,40,64,33
2022-2023,11,B,Science,Final Term,60,64,54
2022-2023,11,B,English,Midterm,40,64,38
2022-2023,11,B,English,Final Term,60,64,59
2022-2023,11,B,History,Midterm,40,64,16
2022-2023,11,B,History,Final Term,60,64,51
2022-2023,10,B,Mathematics,Midterm,40,59,25
2022-2023,10,B,Mathematics,Final Term,60,59,43
2022-2023,10,B,Science,Midterm,40,59,24
2022-2023,10,B,Science,Final Term,60,59,59
2022-2023,10,B,English,Midterm,40,59,28
2022-2023,10,B,English,Final Term,60,59,48
2022-2023,12,B,History,Midterm,40,21,39
2022-2023,12,B,History,Final Term,60,21,57
2022-2023,12,B,Mathematics,Midterm,40,21,36
2022-2023,12,B,Mathematics,Final Term,60,21,43
2022-2023,12,B,Science,Midterm,40,21,20
2022-2023,12,B,Science,Final Term,60,21,37
2022-2023,9,A,English,Midterm,40,70,21
2022-2023,9,A,English,Final Term,60,70,47
2022-2023,9,A,History,Midterm,40,70,28
2022-2023,9,A,History,Final Term,60,70,42
2022-2023,9,A,Mathematics,Midterm,40,70,36
2022-2023,9,A,Mathematics,Final Term,60,70,34
2022-2023,10,B,Science,Midterm,40,53,29
2022-2023,10,B,Science,Final Term,60,53,37
2022-2023,10,B,English,Midterm,40,53,22
2022-2023,10,B,English,Final Term,60,53,33
2022-2023,10,B,History,Midterm,40,53,39
2022-2023,10,B,History,Final Term,60,53,31
2022-2023,12,A,Mathematics,Midterm,40,66,30
2022-2023,12,A,Mathematics,Final Term,60,66,34
2022-2023,12,A,Science,Midterm,40,66,34
2022-2023,12,A,Science,Final Term,60,66,37
2022-2023,12,A,English,Midterm,40,66,21
2022-2023,12,A,English,Final Term,60,66,58
2022-2023,11,A,History,Midterm,40,1,21
2022-2023,11,A,History,Final Term,60,1,36
2022-2023,11,A,Mathematics,Midterm,40,1,34
2022-2023,11,A,Mathematics,Final Term,60,1,47
2022-2023,11,A,Science,Midterm,40,1,26
2022-2023,11,A,Science,Final Term,60,1,26
2022-2023,12,A,English,Midterm,40,16,29
2022-2023,12,A,English,Final Term,60,16,36
2022-2023,12,A,History,Midterm,40,16,38
2022-2023,12,A,History,Final Term,60,16,48
2022-2023,12,A,Mathematics,Midterm,40,16,30
2022-2023,12,A,Mathematics,Final Term,60,16,34
2022-2023,11,A,Science,Midterm,40,42,33
2022-2023,11,A,Science,Final Term,60,42,29
2022-2023,11,A,English,Midterm,40,42,21
2022-2023,11,A,English,Final Term,60,42,33
2022-2023,11,A,History,Midterm,40,42,34
2022-2023,11,A,History,Final Term,60,42,52
2022-2023,11,A,Mathematics,Midterm,40,14,21
2022-2023,11,A,Mathematics,Final Term,60,14,33
2022-2023,11,A,Science,Midterm,40,14,25
2022-2023,11,A,Science,Final Term,60,14,45
2022-2023,11,A,English,Midterm,40,14,21
2022-2023,11,A,English,Final Term,60,14,55
2022-2023,10,A,History,Midterm,40,60,33
2022-2023,10,A,History,Final Term,60,60,56
2022-2023,10,A,Mathematics,Midterm,40,60,29
2022-2023,10,A,Mathematics,Final Term,60,60,41
2022-2023,10,A,Science,Midterm,40,60,30
2022-2023,10,A,Science,Final Term,60,60,30
2022-2023,12,A,English,Midterm,40,60,32
2022-2023,12,A,English,Final Term,60,60,58
2022-2023,12,A,History,Midterm,40,60,21
2022-2023,12,A,History,Final Term,60,60,40
2022-2023,12,A,Mathematics,Midterm,40,60,20
2022-2023,12,A,Mathematics,Final Term,60,60,29
2022-2023,9,B,Science,Midterm,40,23,28
2022-2023,9,B,Science,Final Term,60,23,34
2022-2023,9,B,English,Midterm,40,23,36
2022-2023,9,B,English,Final Term,60,23,38
2022-2023,9,B,History,Midterm,40,23,29
2022-2023,9,B,History,Final Term,60,23,43
2022-2023,12,A,Mathematics,Midterm,40,8,19
2022-2023,12,A,Mathematics,Final Term,60,8,53
2022-2023,12,A,Science,Midterm,40,8,30
2022-2023,12,A,Science,Final Term,60,8,33
2022-2023,12,A,English,Midterm,40,8,22
2022-2023,12,A,English,Final Term,60,8,38
2022-2023,11,B,History,Midterm,40,31,37
2022-2023,11,B,History,Final Term,60,31,40
2022-2023,11,B,Mathematics,Midterm,40,31,24
2022-2023,11,B,Mathematics,Final Term,60,31,44
2022-2023,11,B,Science,Midterm,40,31,20
2022-2023,11,B,Science,Final Term,60,31,26
2022-2023,9,B,English,Midterm,40,68,22
2022-2023,9,B,English,Final Term,60,68,52
2022-2023,9,B,History,Midterm,40,68,35
2022-2023,9,B,History,Final Term,60,68,42
2022-2023,9,B,Mathematics,Midterm,40,68,22
2022-2023,9,B,Mathematics,Final Term,60,68,30
2022-2023,11,B,Science,Midterm,40,77,32
2022-2023,11,B,Science,Final Term,60,77,49
2022-2023,11,B,English,Midterm,40,77,29
2022-2023,11,B,English,Final Term,60,77,43
2022-2023,11,B,History,Midterm,40,77,20
2022-2023,11,B,History,Final Term,60,77,52
2022-2023,10,A,Mathematics,Midterm,40,2,37
2022-2023,10,A,Mathematics,Final Term,60,2,41
2022-2023,10,A,Science,Midterm,40,2,36
2022-2023,10,A,Science,Final Term,60,2,29
2022-2023,10,A,English,Midterm,40,2,31
2022-2023,10,A,English,Final Term,60,2,52
2022-2023,10,B,History,Midterm,40,28,32
2022-2023,10,B,History,Final Term,60,28,36
2022-2023,10,B,Mathematics,Midterm,40,28,27
2022-2023,10,B,Mathematics,Final Term,60,28,40
2022-2023,10,B,Science,Midterm,40,28,26
2022-2023,10,B,Science,Final Term,60,28,39
2022-2023,11,A,English,Midterm,40,50,32
2022-2023,11,A,English,Final Term,60,50,36
2022-2023,11,A,History,Midterm,40,50,15
2022-2023,11,A,History,Final Term,60,50,52
2022-2023,11,A,Mathematics,Midterm,40,50,38
2022-2023,11,A,Mathematics,Final Term,60,50,53
2022-2023,12,A,Science,Midterm,40,11,35
2022-2023,12,A,Science,Final Term,60,11,44
2022-2023,12,A,English,Midterm,40,11,21
2022-2023,12,A,English,Final Term,60,11,26
2022-2023,12,A,History,Midterm,40,11,22
2022-2023,12,A,History,Final Term,60,11,45
2022-2023,12,B,Mathematics,Midterm,40,52,30
2022-2023,12,B,Mathematics,Final Term,60,52,31
2022-2023,12,B,Science,Midterm,40,52,25
2022-2023,12,B,Science,Final Term,60,52,47
2022-2023,12,B,English,Midterm,40,52,18
2022-2023,12,B,English,Final Term,60,52,41
2022-2023,10,A,History,Midterm,40,69,38
2022-2023,10,A,History,Final Term,60,69,60
2022-2023,10,A,Mathematics,Midterm,40,69,18
2022-2023,10,A,Mathematics,Final Term,60,69,53
2022-2023,10,A,Science,Midterm,40,69,36
2022-2023,10,A,Science,Final Term,60,69,28
2022-2023,11,B,English,Midterm,40,4,24
2022-2023,11,B,English,Final Term,60,4,48
2022-2023,11,B,History,Midterm,40,4,31
2022-2023,11,B,History,Final Term,60,4,54
2022-2023,11,B,Mathematics,Midterm,40,4,33
2022-2023,11,B,Mathematics,Final Term,60,4,53
2022-2023,12,B,Science,Midterm,40,55,25
2022-2023,12,B,Science,Final Term,60,55,35
2022-2023,12,B,English,Midterm,40,55,26
2022-2023,12,B,English,Final Term,60,55,51
2022-2023,12,B,History,Midterm,40,55,16
2022-2023,12,B,History,Final Term,60,55,43
2022-2023,11,B,Mathematics,Midterm,40,66,24
2022-2023,11,B,Mathematics,Final Term,60,66,26
2022-2023,11,B,Science,Midterm,40,66,29
2022-2023,11,B,Science,Final Term,60,66,53
2022-2023,11,B,English,Midterm,40,66,33
2022-2023,11,B,English,Final Term,60,66,59
2022-2023,12,B,History,Midterm,40,80,21
2022-2023,12,B,History,Final Term,60,80,53
2022-2023,12,B,Mathematics,Midterm,40,80,27
2022-2023,12,B,Mathematics,Final Term,60,80,34
2022-2023,12,B,Science,Midterm,40,80,21
2022-2023,12,B,Science,Final Term,60,80,54
2022-2023,12,A,English,Midterm,40,34,19
2022-2023,12,A,English,Final Term,60,34,50
2022-2023,12,A,History,Midterm,40,34,17
2022-2023,12,A,History,Final Term,60,34,25
2022-2023,12,A,Mathematics,Midterm,40,34,36
2022-2023,12,A,Mathematics,Final Term,60,34,39
2022-2023,10,B,Science,Midterm,40,5,28
2022-2023,10,B,Science,Final Term,60,5,33
2022-2023,10,B,English,Midterm,40,5,31
2022-2023,10,B,English,Final Term,60,5,43
2022-2023,10,B,History,Midterm,40,5,21
2022-2023,10,B,History,Final Term,60,5,48
2022-2023,12,A,Mathematics,Midterm,40,49,33
2022-2023,12,A,Mathematics,Final Term,60,49,57
2022-2023,12,A,Science,Midterm,40,49,19
2022-2023,12,A,Science,Final Term,60,49,56
2022-2023,12,A,English,Midterm,40,49,39
2022-2023,12,A,English,Final Term,60,49,43
2022-2023,10,B,History,Midterm,40,19,32
2022-2023,10,B,History,Final Term,60,19,35
2022-2023,10,B,Mathematics,Midterm,40,19,28
2022-2023,10,B,Mathematics,Final Term,60,19,29
2022-2023,10,B,Science,Midterm,40,19,20
2022-2023,10,B,Science,Final Term,60,19,47
2022-2023,9,A,English,Midterm,40,48,18
2022-2023,9,A,English,Final Term,60,48,50
2022-2023,9,A,History,Midterm,40,48,21
2022-2023,9,A,History,Final Term,60,48,60
2022-2023,9,A,Mathematics,Midterm,40,48,20
2022-2023,9,A,Mathematics,Final Term,60,48,56
2022-2023,12,A,Science,Midterm,40,34,30
2022-2023,12,A,Science,Final Term,60,34,38
2022-2023,12,A,English,Midterm,40,34,23
2022-2023,12,A,English,Final Term,60,34,49
2022-2023,12,A,History,Midterm,40,34,37
2022-2023,12,A,History,Final Term,60,34,45
2022-2023,11,B,Mathematics,Midterm,40,9,22
2022-2023,11,B,Mathematics,Final Term,60,9,36
2022-2023,11,B,Science,Midterm,40,9,22
2022-2023,11,B,Science,Final Term,60,9,25
2022-2023,11,B,English,Midterm,40,9,35
2022-2023,11,B,English,Final Term,60,9,29
2022-2023,11,A,History,Midterm,40,58,18
2022-2023,11,A,History,Final Term,60,58,47
2022-2023,11,A,Mathematics,Midterm,40,58,26
2022-2023,11,A,Mathematics,Final Term,60,58,31
2022-2023,11,A,Science,Midterm,40,58,15
2022-2023,11,A,Science,Final Term,60,58,60
2022-2023,12,A,English,Midterm,40,2,30
2022-2023,12,A,English,Final Term,60,2,44
2022-2023,12,A,History,Midterm,40,2,26
2022-2023,12,A,History,Final Term,60,2,32
2022-2023,12,A,Mathematics,Midterm,40,2,36
2022-2023,12,A,Mathematics,Final Term,60,2,34
2022-2023,9,B,Science,Midterm,40,15,34
2022-2023,9,B,Science,Final Term,60,15,38
2022-2023,9,B,English,Midterm,40,15,28
2022-2023,9,B,English,Final Term,60,15,37
2022-2023,9,B,History,Midterm,40,15,24
2022-2023,9,B,History,Final Term,60,15,52
2022-2023,9,A,Mathematics,Midterm,40,48,36
2022-2023,9,A,Mathematics,Final Term,60,48,52
2022-2023,9,A,Science,Midterm,40,48,28
2022-2023,9,A,Science,Final Term,60,48,45
2022-2023,9,A,English,Midterm,40,48,33
2022-2023,9,A,English,Final Term,60,48,48
2022-2023,11,A,History,Midterm,40,10,32
2022-2023,11,A,History,Final Term,60,10,40
2022-2023,11,A,Mathematics,Midterm,40,10,24
2022-2023,11,A,Mathematics,Final Term,60,10,58
2022-2023,11,A,Science,Midterm,40,10,39
2022-2023,11,A,Science,Final Term,60,10,50
2022-2023,10,B,English,Midterm,40,78,27
2022-2023,10,B,English,Final Term,60,78,25
2022-2023,10,B,History,Midterm,40,78,35
2022-2023,10,B,History,Final Term,60,78,38
2022-2023,10,B,Mathematics,Midterm,40,78,37
2022-2023,10,B,Mathematics,Final Term,60,78,40
2022-2023,10,B,Science,Midterm,40,74,24
2022-2023,10,B,Science,Final Term,60,74,37
2022-2023,10,B,English,Midterm,40,74,21
2022-2023,10,B,English,Final Term,60,74,46
2022-2023,10,B,History,Midterm,40,74,29
2022-2023,10,B,History,Final Term,60,74,60
2022-2023,11,B,Mathematics,Midterm,40,69,29
2022-2023,11,B,Mathematics,Final Term,60,69,35
2022-2023,11,B,Science,Midterm,40,69,16
2022-2023,11,B,Science,Final Term,60,69,58
2022-2023,11,B,English,Midterm,40,69,21
2022-2023,11,B,English,Final Term,60,69,31
2022-2023,11,A,History,Midterm,40,67,29
2022-2023,11,A,History,Final Term,60,67,57
2022-2023,11,A,Mathematics,Midterm,40,67,31
2022-2023,11,A,Mathematics,Final Term,60,67,46
2022-2023,11,A,Science,Midterm,40,67,22
2022-2023,11,A,Science,Final Term,60,67,45
2022-2023,12,A,English,Midterm,40,53,32
2022-2023,12,A,English,Final Term,60,53,25
2022-2023,12,A,History,Midterm,40,53,29
2022-2023,12,A,History,Final Term,60,53,48
2022-2023,12,A,Mathematics,Midterm,40,53,18
2022-2023,12,A,Mathematics,Final Term,60,53,54
2022-2023,11,A,Science,Midterm,40,19,16
2022-2023,11,A,Science,Final Term,60,19,44
2022-2023,11,A,English,Midterm,40,19,19
2022-2023,11,A,English,Final Term,60,19,47
2022-2023,11,A,History,Midterm,40,19,26
2022-2023,11,A,History,Final Term,60,19,36
2022-2023,11,B,Mathematics,Midterm,40,35,29
2022-2023,11,B,Mathematics,Final Term,60,35,58
2022-2023,11,B,Science,Midterm,40,35,29
2022-2023,11,B,Science,Final Term,60,35,49
2022-2023,11,B,English,Midterm,40,35,19
2022-2023,11,B,English,Final Term,60,35,39
2022-2023,9,A,History,Midterm,40,12,33
2022-2023,9,A,History,Final Term,60,12,48
2022-2023,9,A,Mathematics,Midterm,40,12,30
2022-2023,9,A,Mathematics,Final Term,60,12,28
2022-2023,9,A,Science,Midterm,40,12,23
2022-2023,9,A,Science,Final Term,60,12,39
2022-2023,12,B,English,Midterm,40,45,24
2022-2023,12,B,English,Final Term,60,45,56
2022-2023,12,B,History,Midterm,40,45,17
2022-2023,12,B,History,Final Term,60,45,57
2022-2023,12,B,Mathematics,Midterm,40,45,15
2022-2023,12,B,Mathematics,Final Term,60,45,30
2022-2023,12,A,Science,Midterm,40,19,29
2022-2023,12,A,Science,Final Term,60,19,42
2022-2023,12,A,English,Midterm,40,19,33
2022-2023,12,A,English,Final Term,60,19,43
2022-2023,12,A,History,Midterm,40,19,20
2022-2023,12,A,History,Final Term,60,19,46
2022-2023,11,B,Mathematics,Midterm,40,26,17
2022-2023,11,B,Mathematics,Final Term,60,26,28
2022-2023,11,B,Science,Midterm,40,26,32
2022-2023,11,B,Science,Final Term,60,26,52
2022-2023,11,B,English,Midterm,40,26,24
2022-2023,11,B,English,Final Term,60,26,51
2022-2023,12,B,History,Midterm,40,70,39
2022-2023,12,B,History,Final Term,60,70,55
2022-2023,12,B,Mathematics,Midterm,40,70,33
2022-2023,12,B,Mathematics,Final Term,60,70,39
2022-2023,12,B,Science,Midterm,40,70,32
2022-2023,12,B,Science,Final Term,60,70,36
2022-2023,10,A,English,Midterm,40,83,23
2022-2023,10,A,English,Final Term,60,83,27
2022-2023,10,A,History,Midterm,40,83,32
2022-2023,10,A,History,Final Term,60,83,42
2022-2023,10,A,Mathematics,Midterm,40,83,19
2022-2023,10,A,Mathematics,Final Term,60,83,26
2022-2023,11,B,Science,Midterm,40,4,23
2022-2023,11,B,Science,Final Term,60,4,35
2022-2023,11,B,English,Midterm,40,4,27
2022-2023,11,B,English,Final Term,60,4,57
2022-2023,11,B,History,Midterm,40,4,35
2022-2023,11,B,History,Final Term,60,4,31
2022-2023,10,B,Mathematics,Midterm,40,18,20
2022-2023,10,B,Mathematics,Final Term,60,18,46
2022-2023,10,B,Science,Midterm,40,18,16
2022-2023,10,B,Science,Final Term,60,18,60
2022-2023,10,B,English,Midterm,40,18,35
2022-2023,10,B,English,Final Term,60,18,46
2022-2023,12,A,History,Midterm,40,67,19
2022-2023,12,A,History,Final Term,60,67,37
2022-2023,12,A,Mathematics,Midterm,40,67,25
2022-2023,12,A,Mathematics,Final Term,60,67,56
2022-2023,12,A,Science,Midterm,40,67,16
2022-2023,12,A,Science,Final Term,60,67,30
2022-2023,9,B,English,Midterm,40,29,22
2022-2023,9,B,English,Final Term,60,29,53
2022-2023,9,B,History,Midterm,40,29,29
2022-2023,9,B,History,Final Term,60,29,40
2022-2023,9,B,Mathematics,Midterm,40,29,30
2022-2023,9,B,Mathematics,Final Term,60,29,38
2022-2023,10,B,Science,Midterm,40,54,29
2022-2023,10,B,Science,Final Term,60,54,51
2022-2023,10,B,English,Midterm,40,54,27
2022-2023,10,B,English,Final Term,60,54,32
2022-2023,10,B,History,Midterm,40,54,22
2022-2023,10,B,History,Final Term,60,54,36
2022-2023,12,B,Mathematics,Midterm,40,67,26
2022-2023,12,B,Mathematics,Final Term,60,67,56
2022-2023,12,B,Science,Midterm,40,67,36
2022-2023,12,B,Science,Final Term,60,67,47
2022-2023,12,B,English,Midterm,40,67,38
2022-2023,12,B,English,Final Term,60,67,42
2022-2023,12,A,History,Midterm,40,83,36
2022-2023,12,A,History,Final Term,60,83,30
2022-2023,12,A,Mathematics,Midterm,40,83,20
2022-2023,12,A,Mathematics,Final Term,60,83,47
2022-2023,12,A,Science,Midterm,40,83,32
2022-2023,12,A,Science,Final Term,60,83,54
2022-2023,9,A,English,Midterm,40,20,39
2022-2023,9,A,English,Final Term,60,20,52
2022-2023,9,A,History,Midterm,40,20,32
2022-2023,9,A,History,Final Term,60,20,32
2022-2023,9,A,Mathematics,Midterm,40,20,20
2022-2023,9,A,Mathematics,Final Term,60,20,44
2022-2023,12,B,Science,Midterm,40,32,35
2022-2023,12,B,Science,Final Term,60,32,43
2022-2023,12,B,English,Midterm,40,32,30
2022-2023,12,B,English,Final Term,60,32,36
2022-2023,12,B,History,Midterm,40,32,33
2022-2023,12,B,History,Final Term,60,32,44
2022-2023,9,B,Mathematics,Midterm,40,53,38
2022-2023,9,B,Mathematics,Final Term,60,53,33
2022-2023,9,B,Science,Midterm,40,53,26
2022-2023,9,B,Science,Final Term,60,53,45
2022-2023,9,B,English,Midterm,40,53,33
2022-2023,9,B,English,Final Term,60,53,43
2022-2023,10,B,History,Midterm,40,71,34
2022-2023,10,B,History,Final Term,60,71,42
2022-2023,10,B,Mathematics,Midterm,40,71,30
2022-2023,10,B,Mathematics,Final Term,60,71,58
2022-2023,10,B,Science,Midterm,40,71,28
2022-2023,10,B,Science,Final Term,60,71,33
2022-2023,10,A,English,Midterm,40,8,24
2022-2023,10,A,English,Final Term,60,8,41
2022-2023,10,A,History,Midterm,40,8,18
2022-2023,10,A,History,Final Term,60,8,28
2022-2023,10,A,Mathematics,Midterm,40,8,22
2022-2023,10,A,Mathematics,Final Term,60,8,25
2022-2023,11,B,Science,Midterm,40,57,16
2022-2023,11,B,Science,Final Term,60,57,39
2022-2023,11,B,English,Midterm,40,57,18
2022-2023,11,B,English,Final Term,60,57,43
2022-2023,11,B,History,Midterm,40,57,36
2022-2023,11,B,History,Final Term,60,57,39
2022-2023,11,B,Mathematics,Midterm,40,27,27
2022-2023,11,B,Mathematics,Final Term,60,27,42
2022-2023,11,B,Science,Midterm,40,27,33
2022-2023,11,B,Science,Final Term,60,27,41
2022-2023,11,B,English,Midterm,40,27,15
2022-2023,11,B,English,Final Term,60,27,54
2022-2023,12,A,History,Midterm,40,32,18
2022-2023,12,A,History,Final Term,60,32,57
2022-2023,12,A,Mathematics,Midterm,40,32,38
2022-2023,12,A,Mathematics,Final Term,60,32,34
2022-2023,12,A,Science,Midterm,40,32,21
2022-2023,12,A,Science,Final Term,60,32,27
2022-2023,10,B,English,Midterm,40,59,34
2022-2023,10,B,English,Final Term,60,59,38
2022-2023,10,B,History,Midterm,40,59,25
2022-2023,10,B,History,Final Term,60,59,54
2022-2023,10,B,Mathematics,Midterm,40,59,35
2022-2023,10,B,Mathematics,Final Term,60,59,54
2022-2023,9,B,Science,Midterm,40,27,23
2022-2023,9,B,Science,Final Term,60,27,53
2022-2023,9,B,English,Midterm,40,27,21
2022-2023,9,B,English,Final Term,60,27,50
2022-2023,9,B,History,Midterm,40,27,25
2022-2023,9,B,History,Final Term,60,27,34
2022-2023,9,A,Mathematics,Midterm,40,45,17
2022-2023,9,A,Mathematics,Final Term,60,45,54
2022-2023,9,A,Science,Midterm,40,45,26
2022-2023,9,A,Science,Final Term,60,45,59
2022-2023,9,A,English,Midterm,40,45,36
2022-2023,9,A,English,Final Term,60,45,53
2022-2023,10,A,History,Midterm,40,66,39
2022-2023,10,A,History,Final Term,60,66,28
2022-2023,10,A,Mathematics,Midterm,40,66,35
2022-2023,10,A,Mathematics,Final Term,60,66,57
2022-2023,10,A,Science,Midterm,40,66,28
2022-2023,10,A,Science,Final Term,60,66,49
2022-2023,11,A,English,Midterm,40,60,17
2022-2023,11,A,English,Final Term,60,60,36
2022-2023,11,A,History,Midterm,40,60,38
2022-2023,11,A,History,Final Term,60,60,60
2022-2023,11,A,Mathematics,Midterm,40,60,37
2022-2023,11,A,Mathematics,Final Term,60,60,44
2022-2023,12,A,Science,Midterm,40,17,15
2022-2023,12,A,Science,Final Term,60,17,39
2022-2023,12,A,English,Midterm,40,17,23
2022-2023,12,A,English,Final Term,60,17,25
2022-2023,12,A,History,Midterm,40,17,21
2022-2023,12,A,History,Final Term,60,17,59
2022-2023,11,A,Mathematics,Midterm,40,18,35
2022-2023,11,A,Mathematics,Final Term,60,18,41
2022-2023,11,A,Science,Midterm,40,18,37
2022-2023,11,A,Science,Final Term,60,18,44
2022-2023,11,A,English,Midterm,40,18,22
2022-2023,11,A,English,Final Term,60,18,25
2022-2023,12,B,History,Midterm,40,26,15
2022-2023,12,B,History,Final Term,60,26,46
2022-2023,12,B,Mathematics,Midterm,40,26,16
2022-2023,12,B,Mathematics,Final Term,60,26,53
2022-2023,12,B,Science,Midterm,40,26,38
2022-2023,12,B,Science,Final Term,60,26,54
2022-2023,10,A,English,Midterm,40,77,25
2022-2023,10,A,English,Final Term,60,77,41
2022-2023,10,A,History,Midterm,40,77,26
2022-2023,10,A,History,Final Term,60,77,51
2022-2023,10,A,Mathematics,Midterm,40,77,37
2022-2023,10,A,Mathematics,Final Term,60,77,60
2022-2023,12,B,Science,Midterm,40,41,20
2022-2023,12,B,Science,Final Term,60,41,49
2022-2023,12,B,English,Midterm,40,41,27
2022-2023,12,B,English,Final Term,60,41,31
2022-2023,12,B,History,Midterm,40,41,17
2022-2023,12,B,History,Final Term,60,41,30
2022-2023,10,B,Mathematics,Midterm,40,63,30
2022-2023,10,B,Mathematics,Final Term,60,63,32
2022-2023,10,B,Science,Midterm,40,63,29
2022-2023,10,B,Science,Final Term,60,63,37
2022-2023,10,B,English,Midterm,40,63,37
2022-2023,10,B,English,Final Term,60,63,35
2022-2023,12,B,History,Midterm,40,61,27
2022-2023,12,B,History,Final Term,60,61,29
2022-2023,12,B,Mathematics,Midterm,40,61,25
2022-2023,12,B,Mathematics,Final Term,60,61,38
2022-2023,12,B,Science,Midterm,40,61,35
2022-2023,12,B,Science,Final Term,60,61,38
2022-2023,9,A,English,Midterm,40,10,30
2022-2023,9,A,English,Final Term,60,10,48
2022-2023,9,A,History,Midterm,40,10,39
2022-2023,9,A,History,Final Term,60,10,52
2022-2023,9,A,Mathematics,Midterm,40,10,18
2022-2023,9,A,Mathematics,Final Term,60,10,42
2022-2023,11,A,Science,Midterm,40,25,29
2022-2023,11,A,Science,Final Term,60,25,51
2022-2023,11,A,English,Midterm,40,25,39
2022-2023,11,A,English,Final Term,60,25,43
2022-2023,11,A,History,Midterm,40,25,36
2022-2023,11,A,History,Final Term,60,25,36
2022-2023,10,B,Mathematics,Midterm,40,65,33
2022-2023,10,B,Mathematics,Final Term,60,65,27
2022-2023,10,B,Science,Midterm,40,65,20
2022-2023,10,B,Science,Final Term,60,65,40
2022-2023,10,B,English,Midterm,40,65,23
2022-2023,10,B,English,Final Term,60,65,25
2022-2023,12,A,History,Midterm,40,25,20
2022-2023,12,A,History,Final Term,60,25,48
2022-2023,12,A,Mathematics,Midterm,40,25,30
2022-2023,12,A,Mathematics,Final Term,60,25,34
2022-2023,12,A,Science,Midterm,40,25,15
2022-2023,12,A,Science,Final Term,60,25,47
2022-2023,10,B,English,Midterm,40,73,22
2022-2023,10,B,English,Final Term,60,73,52
2022-2023,10,B,History,Midterm,40,73,38
2022-2023,10,B,History,Final Term,60,73,49
2022-2023,10,B,Mathematics,Midterm,40,73,39
2022-2023,10,B,Mathematics,Final Term,60,73,46
2022-2023,12,B,Science,Midterm,40,86,36
2022-2023,12,B,Science,Final Term,60,86,43
2022-2023,12,B,English,Midterm,40,86,39
2022-2023,12,B,English,Final Term,60,86,55
2022-2023,12,B,History,Midterm,40,86,22
2022-2023,12,B,History,Final Term,60,86,30
2022-2023,12,A,Mathematics,Midterm,40,61,23
2022-2023,12,A,Mathematics,Final Term,60,61,46
2022-2023,12,A,Science,Midterm,40,61,27
2022-2023,12,A,Science,Final Term,60,61,27
2022-2023,12,A,English,Midterm,40,61,35
2022-2023,12,A,English,Final Term,60,61,26
2022-2023,11,B,History,Midterm,40,30,32
2022-2023,11,B,History,Final Term,60,30,25
2022-2023,11,B,Mathematics,Midterm,40,30,30
2022-2023,11,B,Mathematics,Final Term,60,30,47
2022-2023,11,B,Science,Midterm,40,30,37
2022-2023,11,B,Science,Final Term,60,30,56
2022-2023,10,B,English,Midterm,40,69,16
2022-2023,10,B,English,Final Term,60,69,55
2022-2023,10,B,History,Midterm,40,69,16
2022-2023,10,B,History,Final Term,60,69,26
2022-2023,10,B,Mathematics,Midterm,40,69,20
2022-2023,10,B,Mathematics,Final Term,60,69,27
2022-2023,11,B,Science,Midterm,40,15,27
2022-2023,11,B,Science,Final Term,60,15,57
2022-2023,11,B,English,Midterm,40,15,23
2022-2023,11,B,English,Final Term,60,15,54
2022-2023,11,B,History,Midterm,40,15,24
2022-2023,11,B,History,Final Term,60,15,38
2022-2023,10,A,Mathematics,Midterm,40,46,21
2022-2023,10,A,Mathematics,Final Term,60,46,54
2022-2023,10,A,Science,Midterm,40,46,39
2022-2023,10,A,Science,Final Term,60,46,54
2022-2023,10,A,English,Midterm,40,46,23
2022-2023,10,A,English,Final Term,60,46,39
2022-2023,12,B,History,Midterm,40,60,30
2022-2023,12,B,History,Final Term,60,60,32
2022-2023,12,B,Mathematics,Midterm,40,60,33
2022-2023,12,B,Mathematics,Final Term,60,60,38
2022-2023,12,B,Science,Midterm,40,60,26
2022-2023,12,B,Science,Final Term,60,60,28
2022-2023,12,B,English,Midterm,40,11,32
2022-2023,12,B,English,Final Term,60,11,47
2022-2023,12,B,History,Midterm,40,11,18
2022-2023,12,B,History,Final Term,60,11,51
2022-2023,12,B,Mathematics,Midterm,40,11,36
2022-2023,12,B,Mathematics,Final Term,60,11,43
2022-2023,9,B,Science,Midterm,40,82,35
2022-2023,9,B,Science,Final Term,60,82,38
2022-2023,9,B,English,Midterm,40,82,33
2022-2023,9,B,English,Final Term,60,82,41
2022-2023,9,B,History,Midterm,40,82,31
2022-2023,9,B,History,Final Term,60,82,30
2022-2023,10,A,Mathematics,Midterm,40,76,30
2022-2023,10,A,Mathematics,Final Term,60,76,52
2022-2023,10,A,Science,Midterm,40,76,37
2022-2023,10,A,Science,Final Term,60,76,32
2022-2023,10,A,English,Midterm,40,76,25
2022-2023,10,A,English,Final Term,60,76,50
2022-2023,9,B,History,Midterm,40,7,37
2022-2023,9,B,History,Final Term,60,7,55
2022-2023,9,B,Mathematics,Midterm,40,7,32
2022-2023,9,B,Mathematics,Final Term,60,7,42
2022-2023,9,B,Science,Midterm,40,7,29
2022-2023,9,B,Science,Final Term,60,7,38
2022-2023,11,A,English,Midterm,40,36,35
2022-2023,11,A,English,Final Term,60,36,44
2022-2023,11,A,History,Midterm,40,36,17
2022-2023,11,A,History,Final Term,60,36,45
2022-2023,11,A,Mathematics,Midterm,40,36,32
2022-2023,11,A,Mathematics,Final Term,60,36,38
2022-2023,10,A,Science,Midterm,40,54,16
2022-2023,10,A,Science,Final Term,60,54,50
2022-2023,10,A,English,Midterm,40,54,23
2022-2023,10,A,English,Final Term,60,54,46
2022-2023,10,A,History,Midterm,40,54,20
2022-2023,10,A,History,Final Term,60,54,46
2022-2023,11,B,Mathematics,Midterm,40,79,25
2022-2023,11,B,Mathematics,Final Term,60,79,53
2022-2023,11,B,Science,Midterm,40,79,22
2022-2023,11,B,Science,Final Term,60,79,47
2022-2023,11,B,English,Midterm,40,79,28
2022-2023,11,B,English,Final Term,60,79,33
2022-2023,11,B,History,Midterm,40,56,31
2022-2023,11,B,History,Final Term,60,56,40
2022-2023,11,B,Mathematics,Midterm,40,56,18
2022-2023,11,B,Mathematics,Final Term,60,56,52
2022-2023,11,B,Science,Midterm,40,56,39
2022-2023,11,B,Science,Final Term,60,56,49
2022-2023,11,A,English,Midterm,40,59,36
2022-2023,11,A,English,Final Term,60,59,55
2022-2023,11,A,History,Midterm,40,59,22
2022-2023,11,A,History,Final Term,60,59,38
2022-2023,11,A,Mathematics,Midterm,40,59,38
2022-2023,11,A,Mathematics,Final Term,60,59,32
2022-2023,9,A,Science,Midterm,40,37,15
2022-2023,9,A,Science,Final Term,60,37,57
2022-2023,9,A,English,Midterm,40,37,19
2022-2023,9,A,English,Final Term,60,37,56
2022-2023,9,A,History,Midterm,40,37,34
2022-2023,9,A,History,Final Term,60,37,34
2022-2023,9,B,Mathematics,Midterm,40,35,22
2022-2023,9,B,Mathematics,Final Term,60,35,47
2022-2023,9,B,Science,Midterm,40,35,24
2022-2023,9,B,Science,Final Term,60,35,59
2022-2023,9,B,English,Midterm,40,35,23
2022-2023,9,B,English,Final Term,60,35,56
2022-2023,10,B,History,Midterm,40,54,31
2022-2023,10,B,History,Final Term,60,54,31
2022-2023,10,B,Mathematics,Midterm,40,54,28
2022-2023,10,B,Mathematics,Final Term,60,54,31
2022-2023,10,B,Science,Midterm,40,54,23
2022-2023,10,B,Science,Final Term,60,54,52
2022-2023,10,B,English,Midterm,40,47,20
2022-2023,10,B,English,Final Term,60,47,43
2022-2023,10,B,History,Midterm,40,47,33
2022-2023,10,B,History,Final Term,60,47,27
2022-2023,10,B,Mathematics,Midterm,40,47,21
2022-2023,10,B,Mathematics,Final Term,60,47,58
2022-2023,10,B,Science,Midterm,40,27,36
2022-2023,10,B,Science,Final Term,60,27,35
2022-2023,10,B,English,Midterm,40,27,20
2022-2023,10,B,English,Final Term,60,27,55
2022-2023,10,B,History,Midterm,40,27,35
2022-2023,10,B,History,Final Term,60,27,34
2022-2023,11,B,Mathematics,Midterm,40,80,35
2022-2023,11,B,Mathematics,Final Term,60,80,49
2022-2023,11,B,Science,Midterm,40,80,31
2022-2023,11,B,Science,Final Term,60,80,29
2022-2023,11,B,English,Midterm,40,80,27
2022-2023,11,B,English,Final Term,60,80,36
2022-2023,12,A,History,Midterm,40,73,34
2022-2023,12,A,History,Final Term,60,73,32
2022-2023,12,A,Mathematics,Midterm,40,73,32
2022-2023,12,A,Mathematics,Final Term,60,73,57
2022-2023,12,A,Science,Midterm,40,73,33
2022-2023,12,A,Science,Final Term,60,73,42
2022-2023,11,A,English,Midterm,40,63,38
2022-2023,11,A,English,Final Term,60,63,26
2022-2023,11,A,History,Midterm,40,63,15
2022-2023,11,A,History,Final Term,60,63,44
2022-2023,11,A,Mathematics,Midterm,40,63,36
2022-2023,11,A,Mathematics,Final Term,60,63,32
2022-2023,11,B,Science,Midterm,40,35,39
2022-2023,11,B,Science,Final Term,60,35,42
2022-2023,11,B,English,Midterm,40,35,15
2022-2023,11,B,English,Final Term,60,35,30
2022-2023,11,B,History,Midterm,40,35,20
2022-2023,11,B,History,Final Term,60,35,39
2022-2023,9,A,Mathematics,Midterm,40,44,31
2022-2023,9,A,Mathematics,Final Term,60,44,31
2022-2023,9,A,Science,Midterm,40,44,33
2022-2023,9,A,Science,Final Term,60,44,27
2022-2023,9,A,English,Midterm,40,44,38
2022-2023,9,A,English,Final Term,60,44,58
2022-2023,12,A,History,Midterm,40,78,26
2022-2023,12,A,History,Final Term,60,78,34
2022-2023,12,A,Mathematics,Midterm,40,78,19
2022-2023,12,A,Mathematics,Final Term,60,78,54
2022-2023,12,A,Science,Midterm,40,78,36
2022-2023,12,A,Science,Final Term,60,78,36
2022-2023,12,A,English,Midterm,40,84,21
2022-2023,12,A,English,Final Term,60,84,58
2022-2023,12,A,History,Midterm,40,84,15
2022-2023,12,A,History,Final Term,60,84,45
2022-2023,12,A,Mathematics,Midterm,40,84,18
2022-2023,12,A,Mathematics,Final Term,60,84,36
2022-2023,10,A,Science,Midterm,40,21,18
2022-2023,10,A,Science,Final Term,60,21,51
2022-2023,10,A,English,Midterm,40,21,21
2022-2023,10,A,English,Final Term,60,21,46
2022-2023,10,A,History,Midterm,40,21,29
2022-2023,10,A,History,Final Term,60,21,42
2022-2023,11,B,Mathematics,Midterm,40,22,36
2022-2023,11,B,Mathematics,Final Term,60,22,37
2022-2023,11,B,Science,Midterm,40,22,37
2022-2023,11,B,Science,Final Term,60,22,55
2022-2023,11,B,English,Midterm,40,22,26
2022-2023,11,B,English,Final Term,60,22,59
2022-2023,10,B,History,Midterm,40,25,34
2022-2023,10,B,History,Final Term,60,25,48
2022-2023,10,B,Mathematics,Midterm,40,25,16
2022-2023,10,B,Mathematics,Final Term,60,25,50
2022-2023,10,B,Science,Midterm,40,25,29
2022-2023,10,B,Science,Final Term,60,25,46
2022-2023,9,A,English,Midterm,40,52,38
2022-2023,9,A,English,Final Term,60,52,34
2022-2023,9,A,History,Midterm,40,52,24
2022-2023,9,A,History,Final Term,60,52,30
2022-2023,9,A,Mathematics,Midterm,40,52,33
2022-2023,9,A,Mathematics,Final Term,60,52,25
2022-2023,9,A,Science,Midterm,40,59,29
2022-2023,9,A,Science,Final Term,60,59,36
2022-2023,9,A,English,Midterm,40,59,33
2022-2023,9,A,English,Final Term,60,59,37
2022-2023,9,A,History,Midterm,40,59,24
2022-2023,9,A,History,Final Term,60,59,37
2022-2023,9,B,Mathematics,Midterm,40,36,30
2022-2023,9,B,Mathematics,Final Term,60,36,52
2022-2023,9,B,Science,Midterm,40,36,18
2022-2023,9,B,Science,Final Term,60,36,48
2022-2023,9,B,English,Midterm,40,36,22
2022-2023,9,B,English,Final Term,60,36,59
2022-2023,11,B,History,Midterm,40,43,28
2022-2023,11,B,History,Final Term,60,43,27
2022-2023,11,B,Mathematics,Midterm,40,43,27
2022-2023,11,B,Mathematics,Final Term,60,43,43
2022-2023,11,B,Science,Midterm,40,43,18
2022-2023,11,B,Science,Final Term,60,43,39
2022-2023,12,B,English,Midterm,40,55,37
2022-2023,12,B,English,Final Term,60,55,43
2022-2023,12,B,History,Midterm,40,55,18
2022-2023,12,B,History,Final Term,60,55,30
2022-2023,12,B,Mathematics,Midterm,40,55,21
2022-2023,12,B,Mathematics,Final Term,60,55,55
2022-2023,12,A,Science,Midterm,40,38,37
2022-2023,12,A,Science,Final Term,60,38,32
2022-2023,12,A,English,Midterm,40,38,34
2022-2023,12,A,English,Final Term,60,38,53
2022-2023,12,A,History,Midterm,40,38,27
2022-2023,12,A,History,Final Term,60,38,46
2022-2023,12,A,Mathematics,Midterm,40,65,16
2022-2023,12,A,Mathematics,Final Term,60,65,55
2022-2023,12,A,Science,Midterm,40,65,21
2022-2023,12,A,Science,Final Term,60,65,45
2022-2023,12,A,English,Midterm,40,65,22
2022-2023,12,A,English,Final Term,60,65,57
2022-2023,11,B,History,Midterm,40,75,30
2022-2023,11,B,History,Final Term,60,75,37
2022-2023,11,B,Mathematics,Midterm,40,75,34
2022-2023,11,B,Mathematics,Final Term,60,75,43
2022-2023,11,B,Science,Midterm,40,75,29
2022-2023,11,B,Science,Final Term,60,75,38
2022-2023,12,B,English,Midterm,40,6,39
2022-2023,12,B,English,Final Term,60,6,52
2022-2023,12,B,History,Midterm,40,6,37
2022-2023,12,B,History,Final Term,60,6,48
2022-2023,12,B,Mathematics,Midterm,40,6,16
2022-2023,12,B,Mathematics,Final Term,60,6,41
2022-2023,11,A,Science,Midterm,40,74,30
2022-2023,11,A,Science,Final Term,60,74,44
2022-2023,11,A,English,Midterm,40,74,16
2022-2023,11,A,English,Final Term,60,74,37
2022-2023,11,A,History,Midterm,40,74,29
2022-2023,11,A,History,Final Term,60,74,58
2022-2023,11,A,Mathematics,Midterm,40,82,16
2022-2023,11,A,Mathematics,Final Term,60,82,52
2022-2023,11,A,Science,Midterm,40,82,15
2022-2023,11,A,Science,Final Term,60,82,49
2022-2023,11,A,English,Midterm,40,82,37
2022-2023,11,A,English,Final Term,60,82,27
2022-2023,11,B,History,Midterm,40,81,24
2022-2023,11,B,History,Final Term,60,81,32
2022-2023,11,B,Mathematics,Midterm,40,81,25
2022-2023,11,B,Mathematics,Final Term,60,81,31
2022-2023,11,B,Science,Midterm,40,81,22
2022-2023,11,B,Science,Final Term,60,81,36
2022-2023,11,B,English,Midterm,40,1,25
2022-2023,11,B,English,Final Term,60,1,35
2022-2023,11,B,History,Midterm,40,1,38
2022-2023,11,B,History,Final Term,60,1,59
2022-2023,11,B,Mathematics,Midterm,40,1,38
2022-2023,11,B,Mathematics,Final Term,60,1,29
2022-2023,11,A,Science,Midterm,40,62,28
2022-2023,11,A,Science,Final Term,60,62,36
2022-2023,11,A,English,Midterm,40,62,27
2022-2023,11,A,English,Final Term,60,62,57
2022-2023,11,A,History,Midterm,40,62,31
2022-2023,11,A,History,Final Term,60,62,52
2022-2023,11,A,Mathematics,Midterm,40,20,23
2022-2023,11,A,Mathematics,Final Term,60,20,30
2022-2023,11,A,Science,Midterm,40,20,16
2022-2023,11,A,Science,Final Term,60,20,26
2022-2023,11,A,English,Midterm,40,20,25
2022-2023,11,A,English,Final Term,60,20,45
2022-2023,11,A,History,Midterm,40,62,18
2022-2023,11,A,History,Final Term,60,62,50
2022-2023,11,A,Mathematics,Midterm,40,62,19
2022-2023,11,A,Mathematics,Final Term,60,62,25
2022-2023,11,A,Science,Midterm,40,62,27
2022-2023,11,A,Science,Final Term,60,62,27
2022-2023,12,A,English,Midterm,40,57,38
2022-2023,12,A,English,Final Term,60,57,37
2022-2023,12,A,History,Midterm,40,57,39
2022-2023,12,A,History,Final Term,60,57,25
2022-2023,12,A,Mathematics,Midterm,40,57,29
2022-2023,12,A,Mathematics,Final Term,60,57,45
2022-2023,9,A,Science,Midterm,40,5,34
2022-2023,9,A,Science,Final Term,60,5,45
2022-2023,9,A,English,Midterm,40,5,27
2022-2023,9,A,English,Final Term,60,5,52
2022-2023,9,A,History,Midterm,40,5,34
2022-2023,9,A,History,Final Term,60,5,56
2022-2023,11,A,Mathematics,Midterm,40,56,27
2022-2023,11,A,Mathematics,Final Term,60,56,28
2022-2023,11,A,Science,Midterm,40,56,32
2022-2023,11,A,Science,Final Term,60,56,29
2022-2023,11,A,English,Midterm,40,56,39
2022-2023,11,A,English,Final Term,60,56,37
2022-2023,11,B,History,Midterm,40,43,28
2022-2023,11,B,History,Final Term,60,43,40
2022-2023,11,B,Mathematics,Midterm,40,43,23
2022-2023,11,B,Mathematics,Final Term,60,43,31
2022-2023,11,B,Science,Midterm,40,43,28
2022-2023,11,B,Science,Final Term,60,43,27
2022-2023,12,A,English,Midterm,40,6,26
2022-2023,12,A,English,Final Term,60,6,45
2022-2023,12,A,History,Midterm,40,6,23
2022-2023,12,A,History,Final Term,60,6,33
2022-2023,12,A,Mathematics,Midterm,40,6,38
2022-2023,12,A,Mathematics,Final Term,60,6,54
2022-2023,10,A,Science,Midterm,40,76,39
2022-2023,10,A,Science,Final Term,60,76,44
2022-2023,10,A,English,Midterm,40,76,26
2022-2023,10,A,English,Final Term,60,76,26
2022-2023,10,A,History,Midterm,40,76,27
2022-2023,10,A,History,Final Term,60,76,30
2022-2023,10,B,Mathematics,Midterm,40,23,28
2022-2023,10,B,Mathematics,Final Term,60,23,45
2022-2023,10,B,Science,Midterm,40,23,15
2022-2023,10,B,Science,Final Term,60,23,51
2022-2023,10,B,English,Midterm,40,23,37
2022-2023,10,B,English,Final Term,60,23,32
2022-2023,9,B,History,Midterm,40,85,37
2022-2023,9,B,History,Final Term,60,85,60
2022-2023,9,B,Mathematics,Midterm,40,85,17
2022-2023,9,B,Mathematics,Final Term,60,85,40
2022-2023,9,B,Science,Midterm,40,85,32
2022-2023,9,B,Science,Final Term,60,85,25
2022-2023,11,A,English,Midterm,40,49,34
2022-2023,11,A,English,Final Term,60,49,34
2022-2023,11,A,History,Midterm,40,49,36
2022-2023,11,A,History,Final Term,60,49,44
2022-2023,11,A,Mathematics,Midterm,40,49,25
2022-2023,11,A,Mathematics,Final Term,60,49,27
2022-2023,10,A,Science,Midterm,40,76,38
2022-2023,10,A,Science,Final Term,60,76,52
2022-2023,10,A,English,Midterm,40,76,25
2022-2023,10,A,English,Final Term,60,76,54
2022-2023,10,A,History,Midterm,40,76,28
2022-2023,10,A,History,Final Term,60,76,35
2022-2023,9,A,Mathematics,Midterm,40,33,15
2022-2023,9,A,Mathematics,Final Term,60,33,51
2022-2023,9,A,Science,Midterm,40,33,20
2022-2023,9,A,Science,Final Term,60,33,52
2022-2023,9,A,English,Midterm,40,33,35
2022-2023,9,A,English,Final Term,60,33,42
2022-2023,12,A,History,Midterm,40,11,15
2022-2023,12,A,History,Final Term,60,11,37
2022-2023,12,A,Mathematics,Midterm,40,11,22
2022-2023,12,A,Mathematics,Final Term,60,11,32
2022-2023,12,A,Science,Midterm,40,11,30
2022-2023,12,A,Science,Final Term,60,11,33
2022-2023,11,B,English,Midterm,40,30,21
2022-2023,11,B,English,Final Term,60,30,52
2022-2023,11,B,History,Midterm,40,30,20
2022-2023,11,B,History,Final Term,60,30,40
2022-2023,11,B,Mathematics,Midterm,40,30,16
2022-2023,11,B,Mathematics,Final Term,60,30,41
2022-2023,10,B,Science,Midterm,40,74,18
2022-2023,10,B,Science,Final Term,60,74,47
2022-2023,10,B,English,Midterm,40,74,22
2022-2023,10,B,English,Final Term,60,74,54
2022-2023,10,B,History,Midterm,40,74,32
2022-2023,10,B,History,Final Term,60,74,56
2022-2023,11,B,Mathematics,Midterm,40,5,27
2022-2023,11,B,Mathematics,Final Term,60,5,58
2022-2023,11,B,Science,Midterm,40,5,37
2022-2023,11,B,Science,Final Term,60,5,50
2022-2023,11,B,English,Midterm,40,5,30
2022-2023,11,B,English,Final Term,60,5,45
2022-2023,10,A,History,Midterm,40,44,23
2022-2023,10,A,History,Final Term,60,44,56
2022-2023,10,A,Mathematics,Midterm,40,44,21
2022-2023,10,A,Mathematics,Final Term,60,44,32
2022-2023,10,A,Science,Midterm,40,44,28
2022-2023,10,A,Science,Final Term,60,44,51
2022-2023,9,A,English,Midterm,40,37,26
2022-2023,9,A,English,Final Term,60,37,32
2022-2023,9,A,History,Midterm,40,37,23
2022-2023,9,A,History,Final Term,60,37,46
2022-2023,9,A,Mathematics,Midterm,40,37,28
2022-2023,9,A,Mathematics,Final Term,60,37,42
2022-2023,12,A,Science,Midterm,40,38,18
2022-2023,12,A,Science,Final Term,60,38,39
2022-2023,12,A,English,Midterm,40,38,22
2022-2023,12,A,English,Final Term,60,38,33
2022-2023,12,A,History,Midterm,40,38,38
2022-2023,12,A,History,Final Term,60,38,37
2022-2023,10,B,Mathematics,Midterm,40,2,31
2022-2023,10,B,Mathematics,Final Term,60,2,40
2022-2023,10,B,Science,Midterm,40,2,28
2022-2023,10,B,Science,Final Term,60,2,28
2022-2023,10,B,English,Midterm,40,2,35
2022-2023,10,B,English,Final Term,60,2,46
2022-2023,9,A,History,Midterm,40,33,25
2022-2023,9,A,History,Final Term,60,33,60
2022-2023,9,A,Mathematics,Midterm,40,33,34
2022-2023,9,A,Mathematics,Final Term,60,33,59
2022-2023,9,A,Science,Midterm,40,33,26
2022-2023,9,A,Science,Final Term,60,33,33
2022-2023,10,A,English,Midterm,40,47,25
2022-2023,10,A,English,Final Term,60,47,31
2022-2023,10,A,History,Midterm,40,47,29
2022-2023,10,A,History,Final Term,60,47,31
2022-2023,10,A,Mathematics,Midterm,40,47,34
2022-2023,10,A,Mathematics,Final Term,60,47,54
2022-2023,11,A,Science,Midterm,40,79,17
2022-2023,11,A,Science,Final Term,60,79,60
2022-2023,11,A,English,Midterm,40,79,18
2022-2023,11,A,English,Final Term,60,79,45
2022-2023,11,A,History,Midterm,40,79,30
2022-2023,11,A,History,Final Term,60,79,39
2022-2023,11,B,Mathematics,Midterm,40,21,35
2022-2023,11,B,Mathematics,Final Term,60,21,37
2022-2023,11,B,Science,Midterm,40,21,37
2022-2023,11,B,Science,Final Term,60,21,45
2022-2023,11,B,English,Midterm,40,21,22
2022-2023,11,B,English,Final Term,60,21,39
2022-2023,12,B,History,Midterm,40,16,36
2022-2023,12,B,History,Final Term,60,16,27
2022-2023,12,B,Mathematics,Midterm,40,16,39
2022-2023,12,B,Mathematics,Final Term,60,16,58
2022-2023,12,B,Science,Midterm,40,16,29
2022-2023,12,B,Science,Final Term,60,16,42
2022-2023,12,B,English,Midterm,40,65,23
2022-2023,12,B,English,Final Term,60,65,40
2022-2023,12,B,History,Midterm,40,65,22
2022-2023,12,B,History,Final Term,60,65,46
2022-2023,12,B,Mathematics,Midterm,40,65,35
2022-2023,12,B,Mathematics,Final Term,60,65,60
2022-2023,11,A,Science,Midterm,40,61,24
2022-2023,11,A,Science,Final Term,60,61,60
2022-2023,11,A,English,Midterm,40,61,29
2022-2023,11,A,English,Final Term,60,61,60
2022-2023,11,A,History,Midterm,40,61,17
2022-2023,11,A,History,Final Term,60,61,48
2022-2023,9,A,Mathematics,Midterm,40,43,15
2022-2023,9,A,Mathematics,Final Term,60,43,34
2022-2023,9,A,Science,Midterm,40,43,28
2022-2023,9,A,Science,Final Term,60,43,59
2022-2023,9,A,English,Midterm,40,43,39
2022-2023,9,A,English,Final Term,60,43,35
2022-2023,9,A,History,Midterm,40,78,16
2022-2023,9,A,History,Final Term,60,78,52
2022-2023,9,A,Mathematics,Midterm,40,78,35
2022-2023,9,A,Mathematics,Final Term,60,78,38
2022-2023,9,A,Science,Midterm,40,78,30
2022-2023,9,A,Science,Final Term,60,78,42
2022-2023,9,B,English,Midterm,40,16,35
2022-2023,9,B,English,Final Term,60,16,44
2022-2023,9,B,History,Midterm,40,16,33
2022-2023,9,B,History,Final Term,60,16,60
2022-2023,9,B,Mathematics,Midterm,40,16,35
2022-2023,9,B,Mathematics,Final Term,60,16,32
2022-2023,10,B,Science,Midterm,40,23,33
2022-2023,10,B,Science,Final Term,60,23,38
2022-2023,10,B,English,Midterm,40,23,39
2022-2023,10,B,English,Final Term,60,23,28
2022-2023,10,B,History,Midterm,40,23,35
2022-2023,10,B,History,Final Term,60,23,58
2022-2023,12,B,Mathematics,Midterm,40,13,18
2022-2023,12,B,Mathematics,Final Term,60,13,27
2022-2023,12,B,Science,Midterm,40,13,24
2022-2023,12,B,Science,Final Term,60,13,56
2022-2023,12,B,English,Midterm,40,13,22
2022-2023,12,B,English,Final Term,60,13,44
2022-2023,9,B,History,Midterm,40,51,20
2022-2023,9,B,History,Final Term,60,51,50
2022-2023,9,B,Mathematics,Midterm,40,51,21
2022-2023,9,B,Mathematics,Final Term,60,51,55
2022-2023,9,B,Science,Midterm,40,51,21
2022-2023,9,B,Science,Final Term,60,51,53
2022-2023,12,B,English,Midterm,40,24,34
2022-2023,12,B,English,Final Term,60,24,29
2022-2023,12,B,History,Midterm,40,24,38
2022-2023,12,B,History,Final Term,60,24,32
2022-2023,12,B,Mathematics,Midterm,40,24,27
2022-2023,12,B,Mathematics,Final Term,60,24,57
2022-2023,12,A,Science,Midterm,40,77,22
2022-2023,12,A,Science,Final Term,60,77,38
2022-2023,12,A,English,Midterm,40,77,34
2022-2023,12,A,English,Final Term,60,77,51
2022-2023,12,A,History,Midterm,40,77,19
2022-2023,12,A,History,Final Term,60,77,60
2022-2023,12,B,Mathematics,Midterm,40,10,23
2022-2023,12,B,Mathematics,Final Term,60,10,59
2022-2023,12,B,Science,Midterm,40,10,30
2022-2023,12,B,Science,Final Term,60,10,45
2022-2023,12,B,English,Midterm,40,10,33
2022-2023,12,B,English,Final Term,60,10,55
2022-2023,11,B,History,Midterm,40,81,35
2022-2023,11,B,History,Final Term,60,81,47
2022-2023,11,B,Mathematics,Midterm,40,81,21
2022-2023,11,B,Mathematics,Final Term,60,81,25
2022-2023,11,B,Science,Midterm,40,81,17
2022-2023,11,B,Science,Final Term,60,81,44
2022-2023,9,A,English,Midterm,40,29,17
2022-2023,9,A,English,Final Term,60,29,45
2022-2023,9,A,History,Midterm,40,29,28
2022-2023,9,A,History,Final Term,60,29,50
2022-2023,9,A,Mathematics,Midterm,40,29,20
2022-2023,9,A,Mathematics,Final Term,60,29,58
2022-2023,9,A,Science,Midterm,40,36,26
2022-2023,9,A,Science,Final Term,60,36,58
2022-2023,9,A,English,Midterm,40,36,29
2022-2023,9,A,English,Final Term,60,36,45
2022-2023,9,A,History,Midterm,40,36,20
2022-2023,9,A,History,Final Term,60,36,60
2022-2023,10,A,Mathematics,Midterm,40,76,16
2022-2023,10,A,Mathematics,Final Term,60,76,59
2022-2023,10,A,Science,Midterm,40,76,39
2022-2023,10,A,Science,Final Term,60,76,40
2022-2023,10,A,English,Midterm,40,76,23
2022-2023,10,A,English,Final Term,60,76,31
2022-2023,12,B,History,Midterm,40,3,16
2022-2023,12,B,History,Final Term,60,3,44
2022-2023,12,B,Mathematics,Midterm,40,3,25
2022-2023,12,B,Mathematics,Final Term,60,3,34
2022-2023,12,B,Science,Midterm,40,3,16
2022-2023,12,B,Science,Final Term,60,3,43
2022-2023,11,A,English,Midterm,40,34,35
2022-2023,11,A,English,Final Term,60,34,34
2022-2023,11,A,History,Midterm,40,34,19
2022-2023,11,A,History,Final Term,60,34,53
2022-2023,11,A,Mathematics,Midterm,40,34,39
2022-2023,11,A,Mathematics,Final Term,60,34,26
2022-2023,11,B,Science,Midterm,40,74,25
2022-2023,11,B,Science,Final Term,60,74,60
2022-2023,11,B,English,Midterm,40,74,15
2022-2023,11,B,English,Final Term,60,74,25
2022-2023,11,B,History,Midterm,40,74,17
2022-2023,11,B,History,Final Term,60,74,39
2022-2023,12,A,Mathematics,Midterm,40,3,32
2022-2023,12,A,Mathematics,Final Term,60,3,39
2022-2023,12,A,Science,Midterm,40,3,27
2022-2023,12,A,Science,Final Term,60,3,38
2022-2023,12,A,English,Midterm,40,3,16
2022-2023,12,A,English,Final Term,60,3,44
2022-2023,9,B,History,Midterm,40,50,25
2022-2023,9,B,History,Final Term,60,50,36
2022-2023,9,B,Mathematics,Midterm,40,50,27
2022-2023,9,B,Mathematics,Final Term,60,50,32
2022-2023,9,B,Science,Midterm,40,50,15
2022-2023,9,B,Science,Final Term,60,50,52
2022-2023,9,B,English,Midterm,40,71,17
2022-2023,9,B,English,Final Term,60,71,52
2022-2023,9,B,History,Midterm,40,71,31
2022-2023,9,B,History,Final Term,60,71,40
2022-2023,9,B,Mathematics,Midterm,40,71,17
2022-2023,9,B,Mathematics,Final Term,60,71,32
2022-2023,10,B,Science,Midterm,40,9,22
2022-2023,10,B,Science,Final Term,60,9,30
2022-2023,10,B,English,Midterm,40,9,31
2022-2023,10,B,English,Final Term,60,9,41
2022-2023,10,B,History,Midterm,40,9,30
2022-2023,10,B,History,Final Term,60,9,50
2022-2023,9,A,Mathematics,Midterm,40,57,24
2022-2023,9,A,Mathematics,Final Term,60,57,25
2022-2023,9,A,Science,Midterm,40,57,15
2022-2023,9,A,Science,Final Term,60,57,29
2022-2023,9,A,English,Midterm,40,57,36
2022-2023,9,A,English,Final Term,60,57,31
2022-2023,10,B,History,Midterm,40,22,19
2022-2023,10,B,History,Final Term,60,22,52
2022-2023,10,B,Mathematics,Midterm,40,22,34
2022-2023,10,B,Mathematics,Final Term,60,22,35
2022-2023,10,B,Science,Midterm,40,22,15
2022-2023,10,B,Science,Final Term,60,22,45
2022-2023,9,A,English,Midterm,40,84,26
2022-2023,9,A,English,Final Term,60,84,49
2022-2023,9,A,History,Midterm,40,84,38
2022-2023,9,A,History,Final Term,60,84,55
2022-2023,9,A,Mathematics,Midterm,40,84,17
2022-2023,9,A,Mathematics,Final Term,60,84,55
2022-2023,12,A,Science,Midterm,40,21,38
2022-2023,12,A,Science,Final Term,60,21,34
2022-2023,12,A,English,Midterm,40,21,22
2022-2023,12,A,English,Final Term,60,21,46
2022-2023,12,A,History,Midterm,40,21,34
2022-2023,12,A,History,Final Term,60,21,41
2022-2023,10,A,Mathematics,Midterm,40,61,28
2022-2023,10,A,Mathematics,Final Term,60,61,36
2022-2023,10,A,Science,Midterm,40,61,29
2022-2023,10,A,Science,Final Term,60,61,30
2022-2023,10,A,English,Midterm,40,61,29
2022-2023,10,A,English,Final Term,60,61,53
2022-2023,9,A,History,Midterm,40,7,27
2022-2023,9,A,History,Final Term,60,7,44
2022-2023,9,A,Mathematics,Midterm,40,7,37
2022-2023,9,A,Mathematics,Final Term,60,7,37
2022-2023,9,A,Science,Midterm,40,7,19
2022-2023,9,A,Science,Final Term,60,7,41
2022-2023,9,A,English,Midterm,40,8,32
2022-2023,9,A,English,Final Term,60,8,35
2022-2023,9,A,History,Midterm,40,8,33
2022-2023,9,A,History,Final Term,60,8,41
2022-2023,9,A,Mathematics,Midterm,40,8,33
2022-2023,9,A,Mathematics,Final Term,60,8,26
2022-2023,12,A,Science,Midterm,40,45,24
2022-2023,12,A,Science,Final Term,60,45,32
2022-2023,12,A,English,Midterm,40,45,34
2022-2023,12,A,English,Final Term,60,45,58
2022-2023,12,A,History,Midterm,40,45,24
2022-2023,12,A,History,Final Term,60,45,53
2022-2023,10,B,Mathematics,Midterm,40,,16
2022-2023,10,B,Mathematics,Final Term,60,,49
2022-2023,10,B,Science,Midterm,40,,19
2022-2023,10,B,Science,Final Term,60,,60
2022-2023,10,B,English,Midterm,40,,24
2022-2023,10,B,English,Final Term,60,,40
